[2026-07-21 11:36:20] Program Started
[2026-07-21 11:36:20] Loading Market
[2026-07-21 11:36:20] Loading News
[2026-07-21 11:36:20] AI Ready
[2026-07-21 11:46:41] ==================================================
[2026-07-21 11:46:41] Smart_Bourse Started
[2026-07-21 11:46:41] Start Time : 2026-07-21 11:46:41.490471
[2026-07-21 11:46:41] ==================================================
[2026-07-21 11:46:41] Loading Market Module
[2026-07-21 11:46:41] Loading News Module
[2026-07-21 11:46:41] Loading AI Module
[2026-07-21 11:46:41] System Ready
[2026-07-22 13:40:38] ==================================================
[2026-07-22 13:40:38] Smart_Bourse Started
[2026-07-22 13:40:38] Start Time : 2026-07-22 13:40:38.329264
[2026-07-22 13:40:38] ==================================================
[2026-07-22 13:40:38] Loading Market Module
[2026-07-22 13:40:38] Loading News Module
[2026-07-22 13:40:38] Loading AI Module
[2026-07-22 13:40:38] System Ready
[2026-07-22 16:28:45] ==================================================
[2026-07-22 16:28:45] Smart_Bourse Started
[2026-07-22 16:28:45] Start Time : 2026-07-22 16:28:45.876395
[2026-07-22 16:28:45] ==================================================
[2026-07-22 16:28:45] Loading Market Module
[2026-07-22 16:28:45] Loading News Module
[2026-07-22 16:28:45] Loading AI Module
[2026-07-22 16:28:45] System Ready
[2026-07-22 17:00:00] ==================================================
[2026-07-22 17:00:00] Smart_Bourse Started
[2026-07-22 17:00:00] Start Time : 2026-07-22 17:00:00.804951
[2026-07-22 17:00:00] ==================================================
[2026-07-22 17:00:00] Loading Market Module
[2026-07-22 17:00:00] Loading News Module
[2026-07-22 17:00:00] Loading AI Module
[2026-07-22 17:00:00] System Ready
[2026-07-23 22:19:06] ==================================================
[2026-07-23 22:19:06] Smart_Bourse Started
[2026-07-23 22:19:06] Start Time : 2026-07-23 22:19:06.303880
[2026-07-23 22:19:06] ==================================================
[2026-07-23 22:19:06] Loading Market Module
[2026-07-23 22:19:06] Loading Downloader Module
[2026-07-23 22:19:06] Loading News Module
[2026-07-23 22:19:06] Loading AI Module
[2026-07-23 22:19:06] System Ready
[2026-07-23 22:30:09] ==================================================
[2026-07-23 22:30:09] Smart_Bourse Started
[2026-07-23 22:30:09] Start Time : 2026-07-23 22:30:09.131042
[2026-07-23 22:30:09] ==================================================
[2026-07-23 22:30:09] Loading Market Module
[2026-07-23 22:30:09] Loading Downloader Module
[2026-07-23 22:30:09] Loading News Module
[2026-07-23 22:30:09] Loading AI Module
[2026-07-23 22:30:09] System Ready
[2026-07-24 17:05:27] ==================================================
[2026-07-24 17:05:27] Smart_Bourse Started
[2026-07-24 17:05:27] Start Time : 2026-07-24 17:05:27.815162
[2026-07-24 17:05:27] ==================================================
[2026-07-24 17:05:27] Loading Market Module
[2026-07-24 17:05:27] Loading Downloader Module
[2026-07-24 17:05:28] Loading News Module
[2026-07-24 17:05:28] Loading AI Module
[2026-07-24 17:05:28] System Ready
[2026-07-24 17:20:21] ==================================================
[2026-07-24 17:20:21] Smart_Bourse Started
[2026-07-24 17:20:21] Start Time : 2026-07-24 17:20:21.793554
[2026-07-24 17:20:21] ==================================================
[2026-07-24 17:20:21] Loading Market Module
[2026-07-24 17:20:21] Loading Downloader Module
[2026-07-24 17:20:21] Loading Database Module
[2026-07-24 17:20:22] Loading News Module
[2026-07-24 17:20:22] Loading AI Module
[2026-07-24 17:20:22] System Ready
[2026-07-24 21:28:47] ==================================================
[2026-07-24 21:28:47] Smart_Bourse Started
[2026-07-24 21:28:47] Start Time : 2026-07-24 21:28:47.992231
[2026-07-24 21:28:47] ==================================================
[2026-07-24 21:28:48] Loading Market Module
[2026-07-24 21:28:48] Loading Downloader Module
[2026-07-24 21:28:48] Loading Database Module
[2026-07-24 21:28:48] Loading Market Manager
[2026-07-24 21:28:48] Loading News Module
[2026-07-24 21:28:48] Loading AI Module
[2026-07-24 21:28:48] System Ready
[2026-07-24 21:40:00] ==================================================
[2026-07-24 21:40:00] Smart_Bourse Started
[2026-07-24 21:40:00] Start Time : 2026-07-24 21:40:00.087371
[2026-07-24 21:40:00] ==================================================
[2026-07-24 21:40:00] Loading Market Module
[2026-07-24 21:40:00] Loading Downloader Module
[2026-07-24 21:40:00] Loading Database Module
[2026-07-24 21:40:00] Loading Market Manager
[2026-07-24 21:40:00] Loading News Module
[2026-07-24 21:40:00] Loading AI Module
[2026-07-24 21:40:00] System Ready
[2026-07-24 21:45:45] ==================================================
[2026-07-24 21:45:45] Smart_Bourse Started
[2026-07-24 21:45:45] Start Time : 2026-07-24 21:45:45.227229
[2026-07-24 21:45:45] ==================================================
[2026-07-24 21:45:45] Loading Market Module
[2026-07-24 21:45:45] Loading Downloader Module
[2026-07-24 21:45:45] Loading Database Module
[2026-07-24 21:45:46] Loading Market Manager
[2026-07-24 21:45:46] Loading News Module
[2026-07-24 21:45:46] Loading AI Module
[2026-07-24 21:45:46] System Ready
[2026-07-24 21:55:11] ==================================================
[2026-07-24 21:55:11] Smart_Bourse Started
[2026-07-24 21:55:11] Start Time : 2026-07-24 21:55:11.064958
[2026-07-24 21:55:11] ==================================================
[2026-07-24 21:55:11] Loading Market Module
[2026-07-24 21:55:11] Loading Downloader Module
[2026-07-24 21:55:11] Loading Database Module
[2026-07-24 21:55:12] Loading Market Manager
[2026-07-24 21:55:12] Loading Analyzer
[2026-07-24 21:55:12] Loading News Module
[2026-07-24 21:55:12] Loading AI Module
[2026-07-24 21:55:12] System Ready
[2026-07-24 22:13:04] ==================================================
[2026-07-24 22:13:04] Smart_Bourse Started
[2026-07-24 22:13:04] Start Time : 2026-07-24 22:13:04.831210
[2026-07-24 22:13:04] ==================================================
[2026-07-24 22:13:04] Loading Market Module
[2026-07-24 22:13:04] Loading Downloader Module
[2026-07-24 22:13:05] Loading Database Module
[2026-07-24 22:13:05] Loading Market Manager
[2026-07-24 22:13:05] Loading Analyzer
[2026-07-24 22:13:05] Loading News Module
[2026-07-24 22:13:05] Loading AI Module
[2026-07-24 22:13:05] System Ready
[2026-07-24 22:32:29] ==================================================
[2026-07-24 22:32:29] Smart_Bourse Started
[2026-07-24 22:32:29] Start Time : 2026-07-24 22:32:29.053865
[2026-07-24 22:32:29] ==================================================
[2026-07-24 22:32:29] Loading Market Module
[2026-07-24 22:32:29] Loading Downloader Module
[2026-07-24 22:32:29] Loading Database Module
[2026-07-24 22:32:30] Loading Market Manager
[2026-07-24 22:32:30] Loading Analyzer
[2026-07-24 22:32:30] Loading News Module
[2026-07-24 22:32:30] Loading AI Module
[2026-07-24 22:32:30] System Ready
[2026-07-24 22:43:09] ==================================================
[2026-07-24 22:43:09] Smart_Bourse Started
[2026-07-24 22:43:09] Start Time : 2026-07-24 22:43:09.124927
[2026-07-24 22:43:09] ==================================================
[2026-07-24 22:43:09] Loading Market Module
[2026-07-24 22:43:09] Loading Downloader Module
[2026-07-24 22:43:09] Loading Database Module
[2026-07-24 22:43:09] Loading Market Manager
[2026-07-24 22:43:10] Loading Analyzer
[2026-07-24 22:43:10] Loading News Module
[2026-07-24 22:43:10] Loading AI Module
[2026-07-24 22:43:10] System Ready
[2026-07-24 23:04:42] ==================================================
[2026-07-24 23:04:42] Smart_Bourse Started
[2026-07-24 23:04:42] Start Time : 2026-07-24 23:04:42.252842
[2026-07-24 23:04:42] ==================================================
[2026-07-24 23:04:42] Loading Market Module
[2026-07-24 23:04:42] Loading Downloader Module
[2026-07-24 23:04:42] Loading History Manager
[2026-07-24 23:04:42] Loading Database Module
[2026-07-24 23:04:43] Loading Market Manager
[2026-07-24 23:04:43] Loading Analyzer
[2026-07-24 23:04:43] Loading News Module
[2026-07-24 23:04:43] Loading AI Module
[2026-07-24 23:04:43] System Ready
[2026-07-25 02:39:05] ==================================================
[2026-07-25 02:39:05] Smart_Bourse Started
[2026-07-25 02:39:05] Start Time : 2026-07-25 02:39:05.949684
[2026-07-25 02:39:05] ==================================================
[2026-07-25 02:39:05] Loading Market Module
[2026-07-25 02:39:06] Loading Downloader Module
[2026-07-25 02:39:06] Loading History Manager
[2026-07-25 02:39:06] Loading Database Module
[2026-07-25 02:39:07] Loading Market Manager
[2026-07-25 02:39:07] Loading Analyzer
[2026-07-25 02:39:07] Loading Indicator Manager
[2026-07-25 02:39:07] Loading News Module
[2026-07-25 02:39:07] Loading AI Module
[2026-07-25 02:39:07] System Ready
[2026-07-25 02:53:15] ==================================================
[2026-07-25 02:53:16] Smart_Bourse Started
[2026-07-25 02:53:16] Start Time : 2026-07-25 02:53:16.315586
[2026-07-25 02:53:16] ==================================================
[2026-07-25 02:53:16] Loading Market Module
[2026-07-25 02:53:16] Loading Downloader Module
[2026-07-25 02:53:16] Loading History Manager
[2026-07-25 02:53:16] Loading Database Module
[2026-07-25 02:53:17] Loading Market Manager
[2026-07-25 02:53:18] Loading Analyzer
[2026-07-25 02:53:18] Loading Indicator Manager
[2026-07-25 02:53:18] Loading News Module
[2026-07-25 02:53:18] Loading AI Module
[2026-07-25 02:53:18] System Ready
[2026-07-25 02:59:54] ==================================================
[2026-07-25 02:59:54] Smart_Bourse Started
[2026-07-25 02:59:54] Start Time : 2026-07-25 02:59:54.752526
[2026-07-25 02:59:54] ==================================================
[2026-07-25 02:59:54] Loading Market Module
[2026-07-25 02:59:54] Loading Downloader Module
[2026-07-25 02:59:54] Loading History Manager
[2026-07-25 02:59:54] Loading Database Module
[2026-07-25 02:59:55] Loading Market Manager
[2026-07-25 02:59:55] Loading Analyzer
[2026-07-25 03:00:12] ==================================================
[2026-07-25 03:00:12] Smart_Bourse Started
[2026-07-25 03:00:12] Start Time : 2026-07-25 03:00:12.800212
[2026-07-25 03:00:12] ==================================================
[2026-07-25 03:00:12] Loading Market Module
[2026-07-25 03:00:12] Loading Downloader Module
[2026-07-25 03:00:12] Loading History Manager
[2026-07-25 03:00:13] Loading Database Module
[2026-07-25 03:00:13] Loading Market Manager
[2026-07-25 03:00:13] Loading Analyzer
[2026-07-25 03:04:02] ==================================================
[2026-07-25 03:04:02] Smart_Bourse Started
[2026-07-25 03:04:02] Start Time : 2026-07-25 03:04:02.401447
[2026-07-25 03:04:02] ==================================================
[2026-07-25 03:04:02] Loading Market Module
[2026-07-25 03:04:02] Loading Downloader Module
[2026-07-25 03:04:02] Loading History Manager
[2026-07-25 03:04:02] Loading Database Module
[2026-07-25 03:04:03] Loading Market Manager
[2026-07-25 03:04:03] Loading Analyzer
[2026-07-25 03:04:03] Loading Indicator Manager
[2026-07-25 03:04:03] Loading News Module
[2026-07-25 03:04:03] Loading AI Module
[2026-07-25 03:04:03] System Ready
[2026-07-25 03:11:23] ==================================================
[2026-07-25 03:11:23] Smart_Bourse Started
[2026-07-25 03:11:23] Start Time : 2026-07-25 03:11:23.638664
[2026-07-25 03:11:23] ==================================================
[2026-07-25 03:11:23] Loading Market Module
[2026-07-25 03:11:23] Loading Downloader Module
[2026-07-25 03:11:23] Loading History Manager
[2026-07-25 03:11:23] Loading Database Module
[2026-07-25 03:11:24] Loading Market Manager
[2026-07-25 03:11:24] Loading Analyzer
[2026-07-25 03:11:24] Loading Indicator Manager
[2026-07-25 03:11:24] Loading News Module
[2026-07-25 03:11:24] Loading AI Module
[2026-07-25 03:11:24] System Ready
[2026-07-25 03:11:40] ==================================================
[2026-07-25 03:11:40] Smart_Bourse Started
[2026-07-25 03:11:40] Start Time : 2026-07-25 03:11:40.815250
[2026-07-25 03:11:40] ==================================================
[2026-07-25 03:11:40] Loading Market Module
[2026-07-25 03:11:40] Loading Downloader Module
[2026-07-25 03:11:40] Loading History Manager
[2026-07-25 03:11:41] Loading Database Module
[2026-07-25 03:11:41] Loading Market Manager
[2026-07-25 03:11:41] Loading Analyzer
[2026-07-25 03:11:42] Loading Indicator Manager
[2026-07-25 03:11:42] Loading News Module
[2026-07-25 03:11:42] Loading AI Module
[2026-07-25 03:11:42] System Ready
[2026-07-25 03:26:22] ==================================================
[2026-07-25 03:26:22] Smart_Bourse Started
[2026-07-25 03:26:22] Start Time : 2026-07-25 03:26:22.680555
[2026-07-25 03:26:22] ==================================================
[2026-07-25 03:26:22] Loading Market Module
[2026-07-25 03:26:22] Loading Downloader Module
[2026-07-25 03:26:22] Loading History Manager
[2026-07-25 03:26:22] Loading Database Module
[2026-07-25 03:26:23] Loading Market Manager
[2026-07-25 03:26:23] Loading Analyzer
[2026-07-25 03:29:27] ==================================================
[2026-07-25 03:29:27] Smart_Bourse Started
[2026-07-25 03:29:27] Start Time : 2026-07-25 03:29:27.387102
[2026-07-25 03:29:27] ==================================================
[2026-07-25 03:29:27] Loading Market Module
[2026-07-25 03:29:27] Loading Downloader Module
[2026-07-25 03:29:27] Loading History Manager
[2026-07-25 03:29:27] Loading Database Module
[2026-07-25 03:29:28] Loading Market Manager
[2026-07-25 03:29:28] Loading Analyzer
[2026-07-25 03:29:28] Loading Indicator Manager
[2026-07-25 03:29:28] Loading News Module
[2026-07-25 03:29:28] Loading AI Module
[2026-07-25 03:29:28] System Ready
[2026-07-25 03:37:49] ==================================================
[2026-07-25 03:37:49] Smart_Bourse Started
[2026-07-25 03:37:49] Start Time : 2026-07-25 03:37:49.749525
[2026-07-25 03:37:49] ==================================================
[2026-07-25 03:37:49] Loading Market Module
[2026-07-25 03:37:49] Loading Downloader Module
[2026-07-25 03:37:49] Loading History Manager
[2026-07-25 03:37:50] Loading Database Module
[2026-07-25 03:37:50] Loading Market Manager
[2026-07-25 03:37:51] Loading Analyzer
[2026-07-25 03:37:51] Loading Indicator Manager
[2026-07-25 03:37:51] Loading News Module
[2026-07-25 03:37:51] Loading AI Module
[2026-07-25 03:37:51] System Ready
[2026-07-25 03:40:47] ==================================================
[2026-07-25 03:40:47] Smart_Bourse Started
[2026-07-25 03:40:47] Start Time : 2026-07-25 03:40:47.269827
[2026-07-25 03:40:47] ==================================================
[2026-07-25 03:40:47] Loading Market Module
[2026-07-25 03:40:47] Loading Downloader Module
[2026-07-25 03:40:47] Loading History Manager
[2026-07-25 03:40:47] Loading Database Module
[2026-07-25 03:40:48] Loading Market Manager
[2026-07-25 03:40:48] Loading Analyzer
[2026-07-25 03:43:37] ==================================================
[2026-07-25 03:43:37] Smart_Bourse Started
[2026-07-25 03:43:37] Start Time : 2026-07-25 03:43:37.704015
[2026-07-25 03:43:37] ==================================================
[2026-07-25 03:43:37] Loading Market Module
[2026-07-25 03:43:37] Loading Downloader Module
[2026-07-25 03:43:37] Loading History Manager
[2026-07-25 03:43:37] Loading Database Module
[2026-07-25 03:43:38] Loading Market Manager
[2026-07-25 03:43:38] Loading Analyzer
[2026-07-25 03:43:39] Loading Indicator Manager
[2026-07-25 03:43:39] Loading News Module
[2026-07-25 03:43:39] Loading AI Module
[2026-07-25 03:43:39] System Ready
[2026-07-25 10:47:48] ==================================================
[2026-07-25 10:47:48] Smart_Bourse Started
[2026-07-25 10:47:48] Start Time : 2026-07-25 10:47:48.425839
[2026-07-25 10:47:48] ==================================================
[2026-07-25 10:47:48] Loading Market Module
[2026-07-25 10:47:48] Loading Downloader Module
[2026-07-25 10:47:48] Loading History Manager
[2026-07-25 10:47:49] Loading Database Module
[2026-07-25 10:47:49] Loading Market Manager
[2026-07-25 10:47:50] Loading Analyzer
[2026-07-25 10:47:50] Loading Indicator Manager
[2026-07-25 11:00:11] ==================================================
[2026-07-25 11:00:11] Smart_Bourse Started
[2026-07-25 11:00:11] Start Time : 2026-07-25 11:00:11.799086
[2026-07-25 11:00:11] ==================================================
[2026-07-25 11:00:11] Loading Market Module
[2026-07-25 11:00:11] Loading Downloader Module
[2026-07-25 11:00:11] Loading History Manager
[2026-07-25 11:00:12] Loading Database Module
[2026-07-25 11:00:12] Loading Market Manager
[2026-07-25 11:00:12] Loading Analyzer
[2026-07-25 11:00:13] Loading Indicator Manager
[2026-07-25 11:00:13] Loading News Module
[2026-07-25 11:00:13] Loading AI Module
[2026-07-25 11:00:13] System Ready
[2026-07-25 16:35:39] ==================================================
[2026-07-25 16:35:39] Smart_Bourse Started
[2026-07-25 16:35:39] Start Time : 2026-07-25 16:35:39.732166
[2026-07-25 16:35:39] ==================================================
[2026-07-25 16:35:39] Loading Market Module
[2026-07-25 16:35:39] Loading Downloader Module
[2026-07-25 16:35:39] Loading History Manager
[2026-07-25 16:35:40] Loading Database Module
[2026-07-25 16:35:40] Loading Market Manager
[2026-07-25 16:35:41] Loading Analyzer
[2026-07-25 16:35:41] Loading Indicator Manager
[2026-07-25 16:35:41] Loading News Module
[2026-07-25 16:35:41] Loading AI Module
[2026-07-25 16:35:41] System Ready
[2026-07-25 18:38:50] ==================================================
[2026-07-25 18:38:50] Smart_Bourse Started
[2026-07-25 18:38:50] Start Time : 2026-07-25 18:38:50.818466
[2026-07-25 18:38:50] ==================================================
[2026-07-25 18:38:50] Loading Market Module
[2026-07-25 18:38:50] Loading Downloader Module
[2026-07-25 18:38:50] Loading History Manager
[2026-07-25 18:38:51] Loading Database Module
[2026-07-25 18:38:52] Loading Market Manager
[2026-07-25 18:38:52] Loading Analyzer
[2026-07-25 18:38:52] Loading Strategy
[2026-07-25 18:58:32] ==================================================
[2026-07-25 18:58:32] Smart_Bourse Started
[2026-07-25 18:58:32] Start Time : 2026-07-25 18:58:32.581211
[2026-07-25 18:58:32] ==================================================
[2026-07-25 18:58:32] Loading Market Module
[2026-07-25 18:58:32] Loading Downloader Module
[2026-07-25 18:58:32] Loading History Manager
[2026-07-25 18:58:32] Loading Database Module
[2026-07-25 18:58:33] Loading Market Manager
[2026-07-25 18:58:33] Loading Analyzer
[2026-07-25 18:58:33] Loading Strategy
[2026-07-25 19:05:53] ==================================================
[2026-07-25 19:05:53] Smart_Bourse Started
[2026-07-25 19:05:53] Start Time : 2026-07-25 19:05:53.330908
[2026-07-25 19:05:53] ==================================================
[2026-07-25 19:05:53] Loading Market Module
[2026-07-25 19:05:53] Loading Downloader Module
[2026-07-25 19:05:53] Loading History Manager
[2026-07-25 19:05:53] Loading Database Module
[2026-07-25 19:05:54] Loading Market Manager
[2026-07-25 19:05:54] Loading Analyzer
[2026-07-25 19:05:54] Loading Strategy
[2026-07-25 19:18:50] ==================================================
[2026-07-25 19:18:50] Smart_Bourse Started
[2026-07-25 19:18:50] Start Time : 2026-07-25 19:18:50.407504
[2026-07-25 19:18:50] ==================================================
[2026-07-25 19:18:50] Loading Market Module
[2026-07-25 19:18:50] Loading Downloader Module
[2026-07-25 19:18:50] Loading History Manager
[2026-07-25 19:18:50] Loading Database Module
[2026-07-25 19:18:51] Loading Market Manager
[2026-07-25 19:18:51] Loading Analyzer
[2026-07-25 19:18:51] Loading Strategy
[2026-07-25 19:18:51] Loading Indicator Manager
[2026-07-25 19:18:52] Loading News Module
[2026-07-25 19:18:52] Loading AI Module
[2026-07-25 19:18:52] System Ready
[2026-07-25 21:24:47] ==================================================
[2026-07-25 21:24:47] Smart_Bourse Started
[2026-07-25 21:24:48] Start Time : 2026-07-25 21:24:48.014997
[2026-07-25 21:24:48] ==================================================
[2026-07-25 21:24:48] Loading Market Module
[2026-07-25 21:24:48] Loading Downloader Module
[2026-07-25 21:24:48] Loading History Manager
[2026-07-25 21:24:48] Loading Database Module
[2026-07-25 21:24:49] Loading Market Manager
[2026-07-25 21:24:49] Loading Analyzer
[2026-07-25 21:24:49] Loading Strategy
[2026-07-25 21:24:49] Loading Indicator Manager
[2026-07-25 21:24:49] Loading News Module
[2026-07-25 21:24:49] Loading AI Module
[2026-07-25 21:24:49] System Ready
[2026-07-25 23:20:34] ==================================================
[2026-07-25 23:20:34] Smart_Bourse Started
[2026-07-25 23:20:34] Start Time : 2026-07-25 23:20:34.619825
[2026-07-25 23:20:34] ==================================================
[2026-07-25 23:20:34] Loading Market Module
[2026-07-25 23:25:16] ==================================================
[2026-07-25 23:25:16] Smart_Bourse Started
[2026-07-25 23:25:16] Start Time : 2026-07-25 23:25:16.110246
[2026-07-25 23:25:16] ==================================================
[2026-07-25 23:25:16] Loading Market Module
[2026-07-25 23:26:31] ==================================================
[2026-07-25 23:26:31] Smart_Bourse Started
[2026-07-25 23:26:31] Start Time : 2026-07-25 23:26:31.422013
[2026-07-25 23:26:31] ==================================================
[2026-07-25 23:26:31] Loading Market Module
[2026-07-25 23:29:33] ==================================================
[2026-07-25 23:29:33] Smart_Bourse Started
[2026-07-25 23:29:33] Start Time : 2026-07-25 23:29:33.241735
[2026-07-25 23:29:33] ==================================================
[2026-07-25 23:29:33] Loading Market Module
[2026-07-25 23:37:47] ==================================================
[2026-07-25 23:37:47] Smart_Bourse Started
[2026-07-25 23:37:47] Start Time : 2026-07-25 23:37:47.105447
[2026-07-25 23:37:47] ==================================================
[2026-07-25 23:37:47] Loading Market Module
[2026-07-25 23:37:47] Loading Downloader Module
[2026-07-25 23:37:47] Loading History Manager
[2026-07-25 23:37:47] Loading Database Module
[2026-07-25 23:37:48] Loading Market Manager
[2026-07-25 23:42:38] ==================================================
[2026-07-25 23:42:38] Smart_Bourse Started
[2026-07-25 23:42:38] Start Time : 2026-07-25 23:42:38.367553
[2026-07-25 23:42:38] ==================================================
[2026-07-25 23:42:38] Loading Market Module
[2026-07-25 23:42:38] Loading Downloader Module
[2026-07-25 23:42:38] Loading History Manager
[2026-07-25 23:42:38] Loading Database Module
[2026-07-25 23:42:39] Loading Market Manager
[2026-07-25 23:42:39] Loading Analyzer
[2026-07-25 23:42:39] Loading Strategy
[2026-07-25 23:42:39] Loading Indicator Manager
[2026-07-25 23:42:40] Loading News Module
[2026-07-25 23:42:40] Loading AI Module
[2026-07-25 23:42:40] System Ready
[2026-07-25 23:53:51] ==================================================
[2026-07-25 23:53:51] Smart_Bourse Started
[2026-07-25 23:53:51] Start Time : 2026-07-25 23:53:51.952269
[2026-07-25 23:53:51] ==================================================
[2026-07-25 23:53:51] Loading Downloader Module
[2026-07-25 23:53:52] Loading History Manager
[2026-07-25 23:53:52] Loading Database Module
[2026-07-25 23:53:52] Loading Market Manager
[2026-07-25 23:53:52] Loading Analyzer
[2026-07-25 23:53:53] Loading Strategy
[2026-07-25 23:53:53] Loading Indicator Manager
[2026-07-25 23:53:53] Loading News Module
[2026-07-25 23:53:53] Loading AI Module
[2026-07-25 23:53:53] System Ready
[2026-07-26 00:03:05] ==================================================
[2026-07-26 00:03:05] Smart_Bourse Started
[2026-07-26 00:03:05] Start Time : 2026-07-26 00:03:05.852061
[2026-07-26 00:03:05] ==================================================
[2026-07-26 00:03:05] Loading Downloader Module
[2026-07-26 00:03:05] Loading History Manager
[2026-07-26 00:03:06] Loading Database Module
[2026-07-26 00:03:06] Loading Market Manager
[2026-07-26 00:03:06] Loading Analyzer
[2026-07-26 00:03:06] Loading Strategy
[2026-07-26 00:03:06] Loading Indicator Manager
[2026-07-26 00:03:07] Loading News Module
[2026-07-26 00:03:07] Loading AI Module
[2026-07-26 00:03:07] System Ready
[2026-07-26 16:45:50] ============================================================
[2026-07-26 16:45:50] Smart_Bourse Started
[2026-07-26 16:45:50] Start Time : 2026-07-26 16:45:50.438698
[2026-07-26 16:45:50] ============================================================
[2026-07-26 16:45:50] Loading Downloader Module
[2026-07-26 16:45:50] Loading History Manager
[2026-07-26 16:45:50] Loading Database Module
[2026-07-26 16:45:51] Loading History Downloader
[2026-07-26 16:46:26] Loading Market Manager
[2026-07-26 16:46:26] Loading Analyzer
[2026-07-26 16:46:26] Loading Strategy
[2026-07-26 16:46:26] Loading Indicator Manager
[2026-07-26 16:46:27] Loading News Module
[2026-07-26 16:46:27] Loading AI Module
[2026-07-26 16:46:27] ============================================================
[2026-07-26 16:46:27] System Ready
[2026-07-26 16:46:27] ============================================================
[2026-07-26 17:19:30] ============================================================
[2026-07-26 17:19:30] Smart_Bourse Started
[2026-07-26 17:19:30] Start Time : 2026-07-26 17:19:30.253368
[2026-07-26 17:19:30] ============================================================
[2026-07-26 17:19:30] Loading Downloader Module
[2026-07-26 17:19:30] Loading History Manager
[2026-07-26 17:19:30] Loading Database Module
[2026-07-26 17:19:31] Loading History Downloader
[2026-07-26 17:20:07] Loading Market Manager
[2026-07-26 17:20:07] Loading Analyzer
[2026-07-26 17:23:26] ============================================================
[2026-07-26 17:23:26] Smart_Bourse Started
[2026-07-26 17:23:26] Start Time : 2026-07-26 17:23:26.733385
[2026-07-26 17:23:26] ============================================================
[2026-07-26 17:23:26] Loading Downloader Module
[2026-07-26 17:23:26] Loading History Manager
[2026-07-26 17:23:26] Loading Database Module
[2026-07-26 17:23:27] Loading History Downloader
[2026-07-26 17:24:02] Loading Market Manager
[2026-07-26 17:24:02] Loading Analyzer
[2026-07-26 17:29:21] ============================================================
[2026-07-26 17:29:21] Smart_Bourse Started
[2026-07-26 17:29:21] Start Time : 2026-07-26 17:29:21.773839
[2026-07-26 17:29:21] ============================================================
[2026-07-26 17:29:21] Loading Downloader Module
[2026-07-26 17:29:21] Loading History Manager
[2026-07-26 17:29:21] Loading Database Module
[2026-07-26 17:29:22] Loading History Downloader
[2026-07-26 17:29:57] Loading Market Manager
[2026-07-26 17:29:57] Loading Analyzer
[2026-07-26 17:29:57] Loading Strategy
[2026-07-26 17:29:57] Loading Indicator Manager
[2026-07-26 17:29:57] Loading News Module
[2026-07-26 17:29:57] Loading AI Module
[2026-07-26 17:29:57] ============================================================
[2026-07-26 17:29:57] System Ready
[2026-07-26 17:29:57] ============================================================
[2026-07-26 18:20:29] ============================================================
[2026-07-26 18:20:29] Smart_Bourse Started
[2026-07-26 18:20:29] Start Time : 2026-07-26 18:20:29.345383
[2026-07-26 18:20:29] ============================================================
[2026-07-26 18:20:29] Loading Downloader Module
[2026-07-26 18:20:29] Loading History Manager
[2026-07-26 18:20:29] Loading Database Module
[2026-07-26 18:20:30] Loading History Downloader
[2026-07-26 18:21:06] Loading Market Manager
[2026-07-26 18:21:06] Loading Analyzer
[2026-07-26 18:21:06] Loading Strategy
[2026-07-26 18:21:06] Loading Indicator Manager
[2026-07-27 09:53:46] ============================================================
[2026-07-27 09:53:46] Smart_Bourse Started
[2026-07-27 09:53:46] Start Time : 2026-07-27 09:53:46.734268
[2026-07-27 09:53:46] ============================================================
[2026-07-27 09:53:46] Loading Downloader Module
[2026-07-27 09:53:46] Loading History Manager
[2026-07-27 09:53:47] Loading Database Module
[2026-07-27 09:53:47] Loading History Downloader
[2026-07-27 09:54:29] Loading Market Manager
[2026-07-27 10:00:23] ============================================================
[2026-07-27 10:00:23] Smart_Bourse Started
[2026-07-27 10:00:23] Start Time : 2026-07-27 10:00:23.647886
[2026-07-27 10:00:23] ============================================================
[2026-07-27 10:00:23] Loading Downloader Module
[2026-07-27 10:00:23] Loading History Manager
[2026-07-27 10:00:23] Loading Database Module
[2026-07-27 10:00:24] Loading History Downloader
[2026-07-28 19:40:09] ============================================================
[2026-07-28 19:40:10] Smart_Bourse Started
[2026-07-28 19:40:10] Start Time : 2026-07-28 19:40:10.270857
[2026-07-28 19:40:10] ============================================================
[2026-07-28 19:40:10] Loading Downloader Module
[2026-07-28 19:40:10] Loading History Manager
[2026-07-28 19:40:10] Loading Database Module
[2026-07-28 19:40:12] Loading History Downloader
[2026-07-28 19:41:20] Loading Market Manager
[2026-07-28 19:41:20] Loading Analyzer
[2026-07-28 19:41:20] Loading Strategy
[2026-07-28 19:41:21] Loading Indicator Manager
[2026-07-30 19:09:00] ============================================================
[2026-07-30 19:09:00] Smart_Bourse Started
[2026-07-30 19:09:00] Start Time : 2026-07-30 19:09:00.470121
[2026-07-30 19:09:00] ============================================================
[2026-07-30 19:09:00] Loading Downloader Module
[2026-07-30 19:09:00] Loading History Manager
[2026-07-30 19:09:00] Loading Database Module
[2026-07-30 19:09:01] Loading History Downloader
[2026-07-30 19:14:01] ============================================================
[2026-07-30 19:14:01] Smart_Bourse Started
[2026-07-30 19:14:01] Start Time : 2026-07-30 19:14:01.084399
[2026-07-30 19:14:01] ============================================================
[2026-07-30 19:14:01] Loading Downloader Module
[2026-07-30 19:14:01] Loading History Manager
[2026-07-30 19:14:01] Loading Database Module
[2026-07-30 19:14:01] Loading History Downloader
[2026-07-30 19:14:03] Loading Market Manager
[2026-07-30 19:14:03] Loading Analyzer
[2026-07-30 19:14:04] Loading Strategy
[2026-07-30 19:14:04] Loading Indicator Manager
[2026-07-30 19:48:08] ============================================================
[2026-07-30 19:48:08] Smart_Bourse Started
[2026-07-30 19:48:08] Start Time : 2026-07-30 19:48:08.976275
[2026-07-30 19:48:09] ============================================================
[2026-07-30 19:48:09] Loading Downloader Module
[2026-07-30 19:48:09] Loading History Manager
[2026-07-30 19:48:09] Loading Database Module
[2026-07-30 19:48:09] Loading History Downloader
[2026-07-30 19:48:10] Loading Market Manager
[2026-07-30 19:48:10] Loading Analyzer
[2026-07-30 19:48:11] Loading Strategy
[2026-07-30 19:48:11] Loading Indicator Manager
[2026-07-30 19:53:19] ============================================================
[2026-07-30 19:53:19] Smart_Bourse Started
[2026-07-30 19:53:19] Start Time : 2026-07-30 19:53:19.768708
[2026-07-30 19:53:19] ============================================================
[2026-07-30 19:53:19] Loading Downloader Module
[2026-07-30 19:53:19] Loading History Manager
[2026-07-30 19:53:19] Loading Database Module
[2026-07-30 19:53:20] Loading History Downloader
[2026-07-30 19:53:21] Loading Market Manager
[2026-07-30 19:53:21] Loading Analyzer
[2026-07-30 19:56:11] ============================================================
[2026-07-30 19:56:12] Smart_Bourse Started
[2026-07-30 19:56:12] Start Time : 2026-07-30 19:56:12.042500
[2026-07-30 19:56:12] ============================================================
[2026-07-30 19:56:12] Loading Downloader Module
[2026-07-30 19:56:12] Loading History Manager
[2026-07-30 19:56:12] Loading Database Module
[2026-07-30 19:56:12] Loading History Downloader
[2026-07-30 19:56:13] Loading Market Manager
[2026-07-30 19:56:14] Loading Analyzer
[2026-07-30 19:56:14] Loading Strategy
[2026-07-30 19:58:30] ============================================================
[2026-07-30 19:58:30] Smart_Bourse Started
[2026-07-30 19:58:30] Start Time : 2026-07-30 19:58:30.473289
[2026-07-30 19:58:30] ============================================================
[2026-07-30 19:58:30] Loading Downloader Module
[2026-07-30 19:58:30] Loading History Manager
[2026-07-30 19:58:30] Loading Database Module
[2026-07-30 19:58:31] Loading History Downloader
[2026-07-30 19:58:32] Loading Market Manager
[2026-07-30 19:58:32] Loading Analyzer
[2026-07-30 19:58:32] Loading Strategy
[2026-07-30 19:58:33] Loading Indicator Manager
[2026-07-30 20:21:59] ============================================================
[2026-07-30 20:21:59] Smart_Bourse Started
[2026-07-30 20:21:59] Start Time : 2026-07-30 20:21:59.965653
[2026-07-30 20:21:59] ============================================================
[2026-07-30 20:21:59] Loading Downloader Module
[2026-07-30 20:22:00] Loading History Manager
[2026-07-30 20:22:00] Loading Database Module
[2026-07-30 20:22:00] Loading History Downloader
[2026-07-30 20:22:01] Loading Market Manager
[2026-07-30 20:22:02] Loading Analyzer
[2026-07-30 20:22:02] Loading Strategy
[2026-07-30 20:22:02] Loading Indicator Manager
[2026-07-30 20:26:25] ============================================================
[2026-07-30 20:26:25] Smart_Bourse Started
[2026-07-30 20:26:25] Start Time : 2026-07-30 20:26:25.557792
[2026-07-30 20:26:25] ============================================================
[2026-07-30 20:26:25] Loading Downloader Module
[2026-07-30 20:26:25] Loading History Manager
[2026-07-30 20:26:25] Loading Database Module
[2026-07-30 20:26:26] Loading History Downloader
[2026-07-30 20:26:27] Loading Market Manager
[2026-07-30 20:26:27] Loading Analyzer
[2026-07-30 20:26:27] Loading Strategy
[2026-07-30 20:26:28] Loading Indicator Manager
[2026-07-30 20:30:08] ============================================================
[2026-07-30 20:30:08] Smart_Bourse Started
[2026-07-30 20:30:08] Start Time : 2026-07-30 20:30:08.389701
[2026-07-30 20:30:08] ============================================================
[2026-07-30 20:30:08] Loading Downloader Module
[2026-07-30 20:30:08] Loading History Manager
[2026-07-30 20:30:08] Loading Database Module
[2026-07-30 20:30:09] Loading History Downloader
[2026-07-30 20:30:10] Loading Market Manager
[2026-07-30 20:30:10] Loading Analyzer
[2026-07-30 20:30:10] Loading Strategy
[2026-07-30 20:30:10] Loading Indicator Manager
[2026-07-30 20:38:48] ============================================================
[2026-07-30 20:38:48] Smart_Bourse Started
[2026-07-30 20:38:48] Start Time : 2026-07-30 20:38:48.137359
[2026-07-30 20:38:48] ============================================================
[2026-07-30 20:38:48] Loading Downloader Module
[2026-07-30 20:38:48] Loading History Manager
[2026-07-30 20:38:48] Loading Database Module
[2026-07-30 20:38:49] Loading History Downloader
[2026-07-30 20:38:50] Loading Market Manager
[2026-07-30 20:38:50] Loading Analyzer
[2026-07-30 20:38:50] Loading Strategy
[2026-07-30 20:38:50] Loading Indicator Manager
[2026-07-30 20:38:50] Loading News Module
[2026-07-30 20:38:50] Loading AI Module
[2026-07-30 20:38:50] ============================================================
[2026-07-30 20:38:50] System Ready
[2026-07-30 20:38:50] ============================================================
[2026-07-30 22:52:42] ============================================================
[2026-07-30 22:52:42] Smart_Bourse Started
[2026-07-30 22:52:42] Start Time : 2026-07-30 22:52:42.604067
[2026-07-30 22:52:42] ============================================================
[2026-07-30 22:52:42] Loading Downloader Module
[2026-07-30 22:52:42] Loading History Manager
[2026-07-30 22:52:42] Loading Database Module
[2026-07-30 22:52:43] Loading History Downloader
[2026-07-30 22:52:44] Loading Market Manager
[2026-07-30 22:52:44] Loading Analyzer
[2026-07-30 22:52:44] Loading Strategy
[2026-07-30 22:52:45] Loading Indicator Manager
[2026-07-30 22:52:45] Loading News Module
[2026-07-30 22:52:45] Loading AI Module
[2026-07-30 22:52:45] ============================================================
[2026-07-30 22:52:45] System Ready
[2026-07-30 22:52:45] ============================================================
[2026-07-30 22:59:32] ============================================================
[2026-07-30 22:59:32] Smart_Bourse Started
[2026-07-30 22:59:32] Start Time : 2026-07-30 22:59:32.841216
[2026-07-30 22:59:32] ============================================================
[2026-07-30 22:59:32] Loading Downloader Module
[2026-07-30 22:59:32] Loading History Manager
[2026-07-30 22:59:33] Loading Database Module
[2026-07-30 22:59:33] Loading History Downloader
[2026-07-30 22:59:34] Loading Market Manager
[2026-07-30 22:59:34] Loading Analyzer
[2026-07-30 22:59:35] Loading Strategy
[2026-07-30 22:59:35] Loading Indicator Manager
[2026-07-30 22:59:35] Loading News Module
[2026-07-30 22:59:35] Loading AI Module
[2026-07-30 22:59:35] ============================================================
[2026-07-30 22:59:35] System Ready
[2026-07-30 22:59:35] ============================================================
[2026-07-30 23:06:43] ============================================================
[2026-07-30 23:06:43] Smart_Bourse Started
[2026-07-30 23:06:43] Start Time : 2026-07-30 23:06:43.854559
[2026-07-30 23:06:43] ============================================================
[2026-07-30 23:06:43] Loading Downloader Module
[2026-07-30 23:06:43] Loading History Manager
[2026-07-30 23:06:44] Loading Database Module
[2026-07-30 23:06:44] Loading History Downloader
[2026-07-30 23:13:23] ============================================================
[2026-07-30 23:13:24] Smart_Bourse Started
[2026-07-30 23:13:24] Start Time : 2026-07-30 23:13:24.642564
[2026-07-30 23:13:25] ============================================================
[2026-07-30 23:13:25] Loading Downloader Module
[2026-07-30 23:13:25] Loading History Manager
[2026-07-30 23:13:26] Loading Database Module
[2026-07-30 23:13:28] Loading History Downloader
[2026-07-30 23:13:41] Loading Market Manager
[2026-07-30 23:13:41] Loading Analyzer
[2026-07-30 23:13:43] Loading Strategy
[2026-07-30 23:13:43] Loading Indicator Manager
[2026-07-30 23:13:44] Loading News Module
[2026-07-30 23:13:44] Loading AI Module
[2026-07-30 23:13:44] ============================================================
[2026-07-30 23:13:44] System Ready
[2026-07-30 23:13:44] ============================================================
[2026-07-30 23:30:16] ============================================================
[2026-07-30 23:30:16] Smart_Bourse Started
[2026-07-30 23:30:17] Start Time : 2026-07-30 23:30:17.032405
[2026-07-30 23:30:17] ============================================================
[2026-07-30 23:30:17] Loading Downloader Module
[2026-07-30 23:30:17] Loading History Manager
[2026-07-30 23:30:17] Loading Database Module
[2026-07-30 23:30:18] Loading History Downloader
[2026-07-30 23:36:02] ============================================================
[2026-07-30 23:36:02] Smart_Bourse Started
[2026-07-30 23:36:02] Start Time : 2026-07-30 23:36:02.427045
[2026-07-30 23:36:02] ============================================================
[2026-07-30 23:36:02] Loading Downloader Module
[2026-07-30 23:36:02] Loading History Manager
[2026-07-30 23:36:02] Loading Database Module
[2026-07-30 23:36:03] Loading History Downloader
[2026-07-30 23:36:05] Loading Market Manager
[2026-07-30 23:36:05] Loading Analyzer
[2026-07-30 23:36:05] Loading Strategy
[2026-07-30 23:36:06] Loading Indicator Manager
[2026-07-30 23:36:06] Loading News Module
[2026-07-30 23:36:06] Loading AI Module
[2026-07-30 23:36:06] ============================================================
[2026-07-30 23:36:06] System Ready
[2026-07-30 23:36:06] ============================================================
[2026-07-31 02:05:16] ============================================================
[2026-07-31 02:05:16] Smart_Bourse Started
[2026-07-31 02:05:16] Start Time : 2026-07-31 02:05:16.620046
[2026-07-31 02:05:16] ============================================================
[2026-07-31 02:05:16] Loading Downloader Module
[2026-07-31 02:05:16] Loading History Manager
[2026-07-31 02:05:17] Loading Database Module
[2026-07-31 02:05:17] Loading History Downloader
[2026-07-31 02:10:59] ============================================================
[2026-07-31 02:10:59] Smart_Bourse Started
[2026-07-31 02:10:59] Start Time : 2026-07-31 02:10:59.266342
[2026-07-31 02:10:59] ============================================================
[2026-07-31 02:10:59] Loading Downloader Module
[2026-07-31 02:10:59] Loading History Manager
[2026-07-31 02:10:59] Loading Database Module
[2026-07-31 02:11:00] Loading History Downloader
[2026-07-31 02:14:10] ============================================================
[2026-07-31 02:14:10] Smart_Bourse Started
[2026-07-31 02:14:10] Start Time : 2026-07-31 02:14:10.705249
[2026-07-31 02:14:10] ============================================================
[2026-07-31 02:14:10] Loading Downloader Module
[2026-07-31 02:14:10] Loading History Manager
[2026-07-31 02:14:10] Loading Database Module
[2026-07-31 02:16:05] ============================================================
[2026-07-31 02:16:05] Smart_Bourse Started
[2026-07-31 02:16:05] Start Time : 2026-07-31 02:16:05.835351
[2026-07-31 02:16:05] ============================================================
[2026-07-31 02:16:05] Loading Downloader Module
[2026-07-31 02:16:05] Loading History Manager
[2026-07-31 02:16:06] Loading Database Module
[2026-07-31 02:16:06] Loading History Downloader
[2026-07-31 02:16:08] Loading Market Manager
[2026-07-31 02:16:08] Loading Analyzer
[2026-07-31 02:16:09] Loading Strategy
[2026-07-31 02:28:40] ============================================================
[2026-07-31 02:28:40] Smart_Bourse Started
[2026-07-31 02:28:40] Start Time : 2026-07-31 02:28:40.177248
[2026-07-31 02:28:40] ============================================================
[2026-07-31 02:28:40] Loading Downloader Module
[2026-07-31 02:28:40] Loading History Manager
[2026-07-31 02:28:40] Loading Database Module
[2026-07-31 02:28:41] Loading History Downloader
[2026-07-31 02:28:42] Loading Market Manager
[2026-07-31 02:28:43] Loading Analyzer
[2026-07-31 02:28:43] Loading Strategy
[2026-07-31 02:28:43] Loading Indicator Manager
[2026-07-31 02:28:43] Loading News Module
[2026-07-31 02:28:43] Loading AI Module
[2026-07-31 02:28:43] ============================================================
[2026-07-31 02:28:43] System Ready
[2026-07-31 02:28:43] ============================================================
[2026-07-31 02:34:20] ============================================================
[2026-07-31 02:34:20] Smart_Bourse Started
[2026-07-31 02:34:20] Start Time : 2026-07-31 02:34:20.876250
[2026-07-31 02:34:20] ============================================================
[2026-07-31 02:34:20] Loading Downloader Module
[2026-07-31 02:34:20] Loading History Manager
[2026-07-31 02:34:21] Loading Database Module
[2026-07-31 02:34:21] Loading History Downloader
[2026-07-31 02:34:23] Loading Market Manager
[2026-07-31 02:34:23] Loading Analyzer
[2026-07-31 02:34:23] Loading Strategy
[2026-07-31 02:34:24] Loading Indicator Manager
[2026-07-31 02:34:24] Loading News Module
[2026-07-31 02:34:24] Loading AI Module
[2026-07-31 02:34:24] ============================================================
[2026-07-31 02:34:24] System Ready
[2026-07-31 02:34:24] ============================================================
[2026-07-31 02:57:08] ============================================================
[2026-07-31 02:57:08] Smart_Bourse Started
[2026-07-31 02:57:08] Start Time : 2026-07-31 02:57:08.827402
[2026-07-31 02:57:08] ============================================================
[2026-07-31 03:01:39] ============================================================
[2026-07-31 03:01:39] Smart_Bourse Started
[2026-07-31 03:01:39] Start Time : 2026-07-31 03:01:39.747250
[2026-07-31 03:01:39] ============================================================
[2026-07-31 03:01:39] Loading Downloader Module
[2026-07-31 03:01:39] Loading History Manager
[2026-07-31 03:01:39] Loading Database Module
[2026-07-31 03:01:40] Loading History Downloader
[2026-07-31 03:01:42] Loading Market Manager
[2026-07-31 03:01:42] Loading Analyzer
[2026-07-31 03:01:43] Loading Strategy
[2026-07-31 03:01:43] Loading Indicator Manager
[2026-07-31 03:01:43] Loading News Module
[2026-07-31 03:01:43] Loading AI Module
[2026-07-31 03:01:43] ============================================================
[2026-07-31 03:01:43] System Ready
[2026-07-31 03:01:43] ============================================================
[2026-07-31 03:08:56] ============================================================
[2026-07-31 03:08:56] Smart_Bourse Started
[2026-07-31 03:08:56] Start Time : 2026-07-31 03:08:56.066631
[2026-07-31 03:08:56] ============================================================
[2026-07-31 03:08:56] Loading Downloader Module
[2026-07-31 03:08:56] Loading History Manager
[2026-07-31 03:08:56] Loading Database Module
[2026-07-31 03:08:56] Loading History Downloader
[2026-07-31 03:08:57] Loading Market Manager
[2026-07-31 03:08:57] Loading Analyzer
[2026-07-31 03:08:57] Loading Strategy
[2026-07-31 03:08:57] Loading Indicator Manager
[2026-07-31 03:08:57] Loading News Module
[2026-07-31 03:08:57] Loading AI Module
[2026-07-31 03:08:57] ============================================================
[2026-07-31 03:08:57] System Ready
[2026-07-31 03:08:57] ============================================================
[2026-07-31 03:09:21] ============================================================
[2026-07-31 03:09:21] Smart_Bourse Started
[2026-07-31 03:09:21] Start Time : 2026-07-31 03:09:21.441484
[2026-07-31 03:09:21] ============================================================
[2026-07-31 03:09:21] Loading Downloader Module
[2026-07-31 03:09:21] Loading History Manager
[2026-07-31 03:09:21] Loading Database Module
[2026-07-31 03:09:22] Loading History Downloader
[2026-07-31 03:09:24] Loading Market Manager
[2026-07-31 03:09:24] Loading Analyzer
[2026-07-31 03:09:24] Loading Strategy
[2026-07-31 03:09:24] Loading Indicator Manager
[2026-07-31 03:09:24] Loading News Module
[2026-07-31 03:09:24] Loading AI Module
[2026-07-31 03:09:24] ============================================================
[2026-07-31 03:09:24] System Ready
[2026-07-31 03:09:24] ============================================================
[2026-07-31 03:20:07] ============================================================
[2026-07-31 03:20:07] Smart_Bourse Started
[2026-07-31 03:20:07] Start Time : 2026-07-31 03:20:07.123592
[2026-07-31 03:20:07] ============================================================
[2026-07-31 03:20:07] Loading Downloader Module
[2026-07-31 03:20:07] Loading History Manager
[2026-07-31 03:20:07] Loading Database Module
[2026-07-31 03:20:07] Loading History Downloader
[2026-07-31 03:20:10] Loading Market Manager
[2026-07-31 03:20:10] Loading Analyzer
[2026-07-31 03:20:10] Loading Strategy
[2026-07-31 03:20:10] Loading Indicator Manager
[2026-07-31 03:20:11] Loading News Module
[2026-07-31 03:20:11] Loading AI Module
[2026-07-31 03:20:11] ============================================================
[2026-07-31 03:20:11] System Ready
[2026-07-31 03:20:11] ============================================================
[2026-07-31 03:56:59] ============================================================
[2026-07-31 03:56:59] Smart_Bourse Started
[2026-07-31 03:56:59] Start Time : 2026-07-31 03:56:59.409107
[2026-07-31 03:56:59] ============================================================
[2026-07-31 03:56:59] Loading Downloader Module
[2026-07-31 03:56:59] Loading History Manager
[2026-07-31 03:56:59] Loading Database Module
[2026-07-31 03:57:00] Loading History Downloader
[2026-07-31 03:57:02] Loading Market Manager
[2026-07-31 03:57:02] Loading Analyzer
[2026-07-31 03:57:02] Loading Strategy
[2026-07-31 03:57:02] Loading Indicator Manager
[2026-07-31 03:57:02] Loading News Module
[2026-07-31 03:57:02] Loading AI Module
[2026-07-31 03:57:02] ============================================================
[2026-07-31 03:57:02] System Ready
[2026-07-31 03:57:02] ============================================================
[2026-07-31 13:02:26] ============================================================
[2026-07-31 13:02:26] Smart_Bourse Started
[2026-07-31 13:02:26] Start Time : 2026-07-31 13:02:26.389385
[2026-07-31 13:02:26] ============================================================
[2026-07-31 13:02:26] Loading Downloader Module
[2026-07-31 13:02:26] Loading History Manager
[2026-07-31 13:02:27] Loading Database Module
[2026-07-31 13:02:28] Loading History Downloader
[2026-07-31 13:02:32] Loading Market Manager
[2026-07-31 13:02:32] Loading Analyzer
[2026-07-31 13:02:32] Loading Strategy
[2026-07-31 13:02:32] Loading Indicator Manager
[2026-07-31 13:02:32] Loading News Module
[2026-07-31 13:02:32] Loading AI Module
[2026-07-31 13:02:32] ============================================================
[2026-07-31 13:02:32] System Ready
[2026-07-31 13:02:32] ============================================================
[2026-07-31 14:06:44] ============================================================
[2026-07-31 14:06:44] Smart_Bourse Started
[2026-07-31 14:06:44] Start Time : 2026-07-31 14:06:44.926424
[2026-07-31 14:06:44] ============================================================
[2026-07-31 14:06:44] Loading Downloader Module
[2026-07-31 14:06:45] Loading History Manager
[2026-07-31 14:06:45] Loading Database Module
[2026-07-31 14:06:46] Loading History Downloader
[2026-07-31 14:06:49] Loading Market Manager
[2026-07-31 14:06:49] Loading Analyzer
[2026-07-31 14:06:55] Loading Strategy
[2026-07-31 14:19:35] ============================================================
[2026-07-31 14:19:35] Smart_Bourse Started
[2026-07-31 14:19:35] Start Time : 2026-07-31 14:19:35.136325
[2026-07-31 14:19:35] ============================================================
[2026-07-31 14:19:35] Loading Downloader Module
[2026-07-31 14:19:35] Loading History Manager
[2026-07-31 14:19:35] Loading Database Module
[2026-07-31 14:19:35] Loading History Downloader
[2026-07-31 14:19:38] Loading Market Manager
[2026-07-31 14:19:38] Loading Analyzer
[2026-07-31 14:19:43] Loading Strategy
[2026-07-31 14:19:44] Loading Indicator Manager
[2026-07-31 14:19:44] Loading Signal Manager
[2026-07-31 14:32:06] ============================================================
[2026-07-31 14:32:06] Smart_Bourse Started
[2026-07-31 14:32:06] Start Time : 2026-07-31 14:32:06.537521
[2026-07-31 14:32:06] ============================================================
[2026-07-31 14:32:06] Loading Downloader Module
[2026-07-31 14:32:06] Loading History Manager
[2026-07-31 14:32:06] Loading Database Module
[2026-07-31 14:32:07] Loading History Downloader
[2026-07-31 14:32:09] Loading Market Manager
[2026-07-31 14:32:09] Loading Analyzer
[2026-07-31 14:32:15] Loading Strategy
[2026-07-31 14:32:15] Loading Indicator Manager
[2026-07-31 14:32:15] Loading Signal Manager
[2026-07-31 14:32:15] Loading AI Module
[2026-07-31 14:32:15] ============================================================
[2026-07-31 14:32:15] System Ready
[2026-07-31 14:32:15] ============================================================
[2026-07-31 15:34:18] ============================================================
[2026-07-31 15:34:18] Smart_Bourse Started
[2026-07-31 15:34:18] Start Time : 2026-07-31 15:34:18.604608
[2026-07-31 15:34:18] ============================================================
[2026-07-31 15:34:18] Loading Downloader Module
[2026-07-31 15:34:18] Loading History Manager
[2026-07-31 15:34:18] Loading Database Module
[2026-07-31 15:34:19] Loading History Downloader
[2026-07-31 15:34:21] Loading Market Manager
[2026-07-31 15:34:21] Loading Analyzer
[2026-07-31 15:34:27] Loading Strategy
[2026-07-31 16:15:59] ============================================================
[2026-07-31 16:15:59] Smart_Bourse Started
[2026-07-31 16:15:59] Start Time : 2026-07-31 16:15:59.776705
[2026-07-31 16:15:59] ============================================================
[2026-07-31 16:15:59] Loading Downloader Module
[2026-07-31 16:15:59] Loading History Manager
[2026-07-31 16:16:00] Loading Database Module
[2026-07-31 16:16:00] Loading History Downloader
[2026-07-31 16:16:03] Loading Market Manager
[2026-07-31 16:16:03] Loading Analyzer
[2026-07-31 16:16:08] Loading Strategy
[2026-07-31 16:16:08] Loading Indicator Manager
[2026-07-31 16:16:09] Loading Signal Manager
[2026-07-31 20:06:37] ============================================================
[2026-07-31 20:06:37] Smart_Bourse Started
[2026-07-31 20:06:37] Start Time : 2026-07-31 20:06:37.336597
[2026-07-31 20:06:37] ============================================================
[2026-07-31 20:06:37] Loading Downloader Module
[2026-07-31 20:06:37] Loading History Manager
[2026-07-31 20:06:37] Loading Database Module
[2026-07-31 20:06:38] Loading History Downloader
[2026-07-31 20:06:52] Loading Market Manager
[2026-07-31 20:06:52] Loading Analyzer
[2026-07-31 20:06:58] Loading Strategy
[2026-07-31 20:06:58] Loading Indicator Manager
[2026-07-31 20:06:58] Loading Signal Manager
[2026-07-31 21:51:43] ============================================================
[2026-07-31 21:51:43] Smart_Bourse Started
[2026-07-31 21:51:43] Start Time : 2026-07-31 21:51:43.165811
[2026-07-31 21:51:43] ============================================================
[2026-07-31 21:51:43] Loading Downloader Module
[2026-07-31 21:51:43] Loading History Manager
[2026-07-31 21:51:44] Loading Database Module
[2026-07-31 21:51:45] Loading History Downloader
[2026-07-31 21:51:49] Loading Market Manager
[2026-07-31 21:51:49] Loading Analyzer
[2026-07-31 21:51:55] Loading Strategy
[2026-07-31 21:51:55] Loading Indicator Manager
[2026-07-31 21:51:55] Loading Signal Manager
[2026-08-01 00:18:48] ============================================================
[2026-08-01 00:18:49] Smart_Bourse Started
[2026-08-01 00:18:49] Start Time : 2026-08-01 00:18:49.036852
[2026-08-01 00:18:49] ============================================================
[2026-08-01 00:18:49] Loading Downloader Module
[2026-08-01 00:18:49] Loading History Manager
[2026-08-01 00:18:50] Loading Database Module
[2026-08-01 00:18:51] Loading History Downloader
[2026-08-01 00:18:54] Loading Market Manager
[2026-08-01 00:18:54] Loading Analyzer
[2026-08-01 00:19:00] Loading Strategy
[2026-08-01 00:19:00] Loading Indicator Manager
[2026-08-01 00:19:00] Loading Signal Manager
[2026-08-01 00:24:52] ============================================================
[2026-08-01 00:24:52] Smart_Bourse Started
[2026-08-01 00:24:52] Start Time : 2026-08-01 00:24:52.727144
[2026-08-01 00:24:52] ============================================================
[2026-08-01 00:24:52] Loading Downloader Module
[2026-08-01 00:24:52] Loading History Manager
[2026-08-01 00:24:52] Loading Database Module
[2026-08-01 00:24:53] Loading History Downloader
[2026-08-01 00:24:56] Loading Market Manager
[2026-08-01 00:24:56] Loading Analyzer
[2026-08-01 00:25:02] Loading Strategy
[2026-08-01 00:25:02] Loading Indicator Manager
[2026-08-01 00:25:02] Loading Signal Manager
[2026-08-01 00:26:32] ============================================================
[2026-08-01 00:26:32] Smart_Bourse Started
[2026-08-01 00:26:32] Start Time : 2026-08-01 00:26:32.521536
[2026-08-01 00:26:32] ============================================================
[2026-08-01 00:26:32] Loading Downloader Module
[2026-08-01 00:26:33] Loading History Manager
[2026-08-01 00:26:33] Loading Database Module
[2026-08-01 00:26:34] Loading History Downloader
[2026-08-01 00:26:36] Loading Market Manager
[2026-08-01 00:26:37] Loading Analyzer
[2026-08-01 00:26:42] Loading Strategy
[2026-08-01 00:26:42] Loading Indicator Manager
[2026-08-01 00:26:42] Loading Signal Manager
[2026-08-01 00:28:31] ============================================================
[2026-08-01 00:28:31] Smart_Bourse Started
[2026-08-01 00:28:31] Start Time : 2026-08-01 00:28:31.765535
[2026-08-01 00:28:31] ============================================================
[2026-08-01 00:28:31] Loading Downloader Module
[2026-08-01 00:28:31] Loading History Manager
[2026-08-01 00:28:32] Loading Database Module
[2026-08-01 00:28:32] Loading History Downloader
[2026-08-01 00:28:35] Loading Market Manager
[2026-08-01 00:28:36] Loading Analyzer
[2026-08-01 00:28:41] Loading Strategy
[2026-08-01 00:28:41] Loading Indicator Manager
[2026-08-01 00:28:41] Loading Signal Manager
[2026-08-01 00:29:47] ============================================================
[2026-08-01 00:29:47] Smart_Bourse Started
[2026-08-01 00:29:47] Start Time : 2026-08-01 00:29:47.325531
[2026-08-01 00:29:47] ============================================================
[2026-08-01 00:29:47] Loading Downloader Module
[2026-08-01 00:29:47] Loading History Manager
[2026-08-01 00:29:47] Loading Database Module
[2026-08-01 00:29:48] Loading History Downloader
[2026-08-01 00:29:50] Loading Market Manager
[2026-08-01 00:29:50] Loading Analyzer
[2026-08-01 00:29:55] Loading Strategy
[2026-08-01 00:29:55] Loading Indicator Manager
[2026-08-01 00:29:55] Loading Signal Manager
[2026-08-01 00:29:55] Loading AI Module
[2026-08-01 00:29:55] ============================================================
[2026-08-01 00:29:55] System Ready
[2026-08-01 00:29:55] ============================================================
[2026-08-01 00:53:36] ============================================================
[2026-08-01 00:53:36] Smart_Bourse Started
[2026-08-01 00:53:36] Start Time : 2026-08-01 00:53:36.813615
[2026-08-01 00:53:36] ============================================================
[2026-08-01 00:53:36] Loading Downloader Module
[2026-08-01 00:53:37] Loading History Manager
[2026-08-01 00:53:37] Loading Database Module
[2026-08-01 00:53:38] Loading History Downloader
[2026-08-01 00:53:40] Loading Market Manager
[2026-08-01 00:53:40] Loading Analyzer
[2026-08-01 00:53:46] Loading Strategy
[2026-08-01 00:53:46] Loading Indicator Manager
[2026-08-01 00:53:46] Loading Signal Manager
[2026-08-01 00:53:46] Loading AI Module
[2026-08-01 00:53:46] ============================================================
[2026-08-01 00:53:46] System Ready
[2026-08-01 00:53:46] ============================================================
[2026-08-01 22:53:59] ============================================================
[2026-08-01 22:53:59] Smart_Bourse Started
[2026-08-01 22:53:59] Start Time : 2026-08-01 22:53:59.300498
[2026-08-01 22:53:59] ============================================================
[2026-08-01 22:53:59] Loading Downloader Module
[2026-08-01 22:53:59] Loading History Manager
[2026-08-01 22:53:59] Loading Database Module
[2026-08-01 22:54:00] Loading History Downloader
[2026-08-01 22:54:03] Loading Market Manager
[2026-08-01 22:54:03] Loading Analyzer
[2026-08-01 22:54:09] Loading Strategy
[2026-08-01 22:54:09] Loading Indicator Manager
[2026-08-01 22:54:09] Loading Signal Manager
[2026-08-01 22:54:09] Loading AI Module
[2026-08-01 23:52:09] ============================================================
[2026-08-01 23:52:09] Smart_Bourse Started
[2026-08-01 23:52:09] Start Time : 2026-08-01 23:52:09.407495
[2026-08-01 23:52:09] ============================================================
[2026-08-01 23:52:09] Loading Downloader Module
[2026-08-01 23:52:09] Loading History Manager
[2026-08-01 23:52:10] Loading Database Module
[2026-08-01 23:52:11] Loading History Downloader
[2026-08-01 23:52:14] Loading Market Manager
[2026-08-01 23:52:14] Loading Analyzer
[2026-08-01 23:52:22] Loading Strategy
[2026-08-01 23:52:22] Loading Indicator Manager
[2026-08-01 23:52:22] Loading Signal Manager
[2026-08-01 23:52:22] Loading AI Module
[2026-08-01 23:52:22] AI Decision = BUY
[2026-08-01 23:52:22] ============================================================
[2026-08-01 23:52:22] System Ready
[2026-08-01 23:52:22] ============================================================
[2026-08-02 00:14:13] ============================================================
[2026-08-02 00:14:13] Smart_Bourse Started
[2026-08-02 00:14:13] Start Time : 2026-08-02 00:14:13.460570
[2026-08-02 00:14:13] ============================================================
[2026-08-02 00:14:13] Loading Downloader Module
[2026-08-02 00:14:13] Loading History Manager
[2026-08-02 00:14:13] Loading Database Module
[2026-08-02 00:14:14] Loading History Downloader
[2026-08-02 00:14:16] Loading Market Manager
[2026-08-02 00:14:17] Loading Analyzer
[2026-08-02 00:14:22] Loading Strategy
[2026-08-02 00:14:22] Loading Indicator Manager
[2026-08-02 00:14:22] Loading Signal Manager
[2026-08-02 00:14:23] Loading AI Module
[2026-08-02 00:14:23] AI Decision = BUY
[2026-08-02 00:14:23] Loading BackTest Module
[2026-08-02 00:22:56] ============================================================
[2026-08-02 00:22:56] Smart_Bourse Started
[2026-08-02 00:22:56] Start Time : 2026-08-02 00:22:56.787194
[2026-08-02 00:22:56] ============================================================
[2026-08-02 00:22:56] Loading Downloader Module
[2026-08-02 00:22:56] Loading History Manager
[2026-08-02 00:22:57] Loading Database Module
[2026-08-02 00:22:57] Loading History Downloader
[2026-08-02 00:22:59] Loading Market Manager
[2026-08-02 00:22:59] Loading Analyzer
[2026-08-02 00:23:05] Loading Strategy
[2026-08-02 00:23:05] Loading Indicator Manager
[2026-08-02 00:23:05] Loading Signal Manager
[2026-08-02 00:23:05] Loading AI Module
[2026-08-02 00:23:05] AI Decision = BUY
[2026-08-02 00:23:05] Loading BackTest Module
[2026-08-02 00:23:08] ============================================================
[2026-08-02 00:23:08] System Ready
[2026-08-02 00:23:08] ============================================================
[2026-08-02 00:36:48] ============================================================
[2026-08-02 00:36:48] Smart_Bourse Started
[2026-08-02 00:36:48] Start Time : 2026-08-02 00:36:48.176062
[2026-08-02 00:36:48] ============================================================
[2026-08-02 00:36:48] Loading Downloader Module
[2026-08-02 00:36:48] Loading History Manager
[2026-08-02 00:36:48] Loading Database Module
[2026-08-02 00:36:49] Loading History Downloader
[2026-08-02 00:36:51] Loading Market Manager
[2026-08-02 00:36:51] Loading Analyzer
[2026-08-02 00:36:57] Loading Strategy
[2026-08-02 00:36:57] Loading Indicator Manager
[2026-08-02 00:36:57] Loading Signal Manager
[2026-08-02 00:36:57] Loading AI Module
[2026-08-02 00:36:57] AI Decision = BUY
[2026-08-02 00:36:57] Loading BackTest Module
[2026-08-02 00:37:00] ============================================================
[2026-08-02 00:37:00] System Ready
[2026-08-02 00:37:00] ============================================================
[2026-08-02 16:39:01] ============================================================
[2026-08-02 16:39:01] Smart_Bourse Started
[2026-08-02 16:39:01] Start Time : 2026-08-02 16:39:01.807881
[2026-08-02 16:39:01] ============================================================
[2026-08-02 16:39:01] Loading Downloader Module
[2026-08-02 16:39:01] Loading History Manager
[2026-08-02 16:39:02] Loading Database Module
[2026-08-02 16:39:03] Loading History Downloader
[2026-08-02 16:39:05] Loading Market Manager
[2026-08-02 16:39:05] Loading Analyzer
[2026-08-02 16:39:11] Loading Strategy
[2026-08-02 16:39:11] Loading Indicator Manager
[2026-08-02 16:39:11] Loading Signal Manager
[2026-08-02 16:39:11] Loading AI Module
[2026-08-02 16:39:11] AI Decision = BUY
[2026-08-02 16:39:11] Loading BackTest Module
[2026-08-02 16:39:14] ============================================================
[2026-08-02 16:39:14] System Ready
[2026-08-02 16:39:14] ============================================================
[2026-08-02 16:45:16] ============================================================
[2026-08-02 16:45:16] Smart_Bourse Started
[2026-08-02 16:45:16] Start Time : 2026-08-02 16:45:16.872968
[2026-08-02 16:45:16] ============================================================
[2026-08-02 16:45:16] Loading Downloader Module
[2026-08-02 16:45:16] Loading History Manager
[2026-08-02 16:45:17] Loading Database Module
[2026-08-02 16:45:17] Loading History Downloader
[2026-08-02 16:45:20] Loading Market Manager
[2026-08-02 16:45:20] Loading Analyzer
[2026-08-02 16:45:25] Loading Strategy
[2026-08-02 16:45:25] Loading Indicator Manager
[2026-08-02 16:45:26] Loading Signal Manager
[2026-08-02 16:45:26] Loading AI Module
[2026-08-02 16:45:26] AI Decision = BUY
[2026-08-02 16:45:26] Loading BackTest Module
[2026-08-02 16:45:28] ============================================================
[2026-08-02 16:45:28] System Ready
[2026-08-02 16:45:28] ============================================================
[2026-08-02 16:49:15] ============================================================
[2026-08-02 16:49:15] Smart_Bourse Started
[2026-08-02 16:49:15] Start Time : 2026-08-02 16:49:15.337532
[2026-08-02 16:49:15] ============================================================
[2026-08-02 16:49:15] Loading Downloader Module
[2026-08-02 16:49:15] Loading History Manager
[2026-08-02 16:49:15] Loading Database Module
[2026-08-02 16:49:16] Loading History Downloader
[2026-08-02 16:49:17] Loading Market Manager
[2026-08-02 16:49:17] Loading Analyzer
[2026-08-02 16:49:23] Loading Strategy
[2026-08-02 16:49:23] Loading Indicator Manager
[2026-08-02 16:49:23] Loading Signal Manager
[2026-08-02 16:49:23] Loading AI Module
[2026-08-02 16:49:23] AI Decision = BUY
[2026-08-02 16:49:23] Loading BackTest Module
[2026-08-02 16:49:26] ============================================================
[2026-08-02 16:49:26] System Ready
[2026-08-02 16:49:26] ============================================================
[2026-08-02 16:57:19] ============================================================
[2026-08-02 16:57:19] Smart_Bourse Started
[2026-08-02 16:57:19] Start Time : 2026-08-02 16:57:19.997515
[2026-08-02 16:57:20] ============================================================
[2026-08-02 16:57:20] Loading Downloader Module
[2026-08-02 16:57:20] Loading History Manager
[2026-08-02 16:57:20] Loading Database Module
[2026-08-02 16:57:20] Loading History Downloader
[2026-08-02 16:57:22] Loading Market Manager
[2026-08-02 16:57:22] Loading Analyzer
[2026-08-02 16:57:22] Loading Strategy
[2026-08-02 16:57:22] Loading Indicator Manager
[2026-08-02 16:57:23] Loading Signal Manager
[2026-08-02 16:59:19] ============================================================
[2026-08-02 16:59:19] Smart_Bourse Started
[2026-08-02 16:59:19] Start Time : 2026-08-02 16:59:19.056809
[2026-08-02 16:59:19] ============================================================
[2026-08-02 16:59:19] Loading Downloader Module
[2026-08-02 16:59:19] Loading History Manager
[2026-08-02 16:59:19] Loading Database Module
[2026-08-02 16:59:20] Loading History Downloader
[2026-08-02 17:07:17] ============================================================
[2026-08-02 17:07:17] Smart_Bourse Started
[2026-08-02 17:07:17] Start Time : 2026-08-02 17:07:17.167946
[2026-08-02 17:07:17] ============================================================
[2026-08-02 17:07:17] Loading Downloader Module
[2026-08-02 17:07:17] Loading History Manager
[2026-08-02 17:07:17] Loading Database Module
[2026-08-02 17:07:18] Loading History Downloader
[2026-08-02 17:07:19] Loading Market Manager
[2026-08-02 17:07:19] Loading Analyzer
[2026-08-02 17:07:20] Loading Strategy
[2026-08-02 17:07:20] Loading Indicator Manager
[2026-08-02 17:07:20] Loading Signal Manager
[2026-08-02 21:08:43] ============================================================
[2026-08-02 21:08:43] Smart_Bourse Started
[2026-08-02 21:08:43] Start Time : 2026-08-02 21:08:43.625739
[2026-08-02 21:08:43] ============================================================
[2026-08-02 21:08:43] Loading Downloader Module
[2026-08-02 21:08:43] Loading History Manager
[2026-08-02 21:08:43] Loading Database Module
[2026-08-02 21:08:44] Loading History Downloader
[2026-08-02 21:08:47] Loading Market Manager
[2026-08-02 21:08:47] Loading Analyzer
[2026-08-02 21:08:52] Loading Strategy
[2026-08-02 21:08:52] Loading Indicator Manager
[2026-08-02 21:08:53] Loading Signal Manager
[2026-08-02 21:08:53] Loading AI Module
[2026-08-02 21:08:53] AI Decision = BUY
[2026-08-02 21:08:53] Loading BackTest Module
[2026-08-02 21:08:56] ============================================================
[2026-08-02 21:08:56] System Ready
[2026-08-02 21:08:56] ============================================================
[2026-08-02 21:19:04] ============================================================
[2026-08-02 21:19:04] Smart_Bourse Started
[2026-08-02 21:19:04] Start Time : 2026-08-02 21:19:04.532526
[2026-08-02 21:19:04] ============================================================
[2026-08-02 21:19:04] Loading Downloader Module
[2026-08-02 21:19:04] Loading History Manager
[2026-08-02 21:19:04] Loading Database Module
[2026-08-02 21:19:05] Loading History Downloader
[2026-08-02 21:24:02] ============================================================
[2026-08-02 21:24:02] Smart_Bourse Started
[2026-08-02 21:24:02] Start Time : 2026-08-02 21:24:02.964211
[2026-08-02 21:24:02] ============================================================
[2026-08-02 21:24:02] Loading Downloader Module
[2026-08-02 21:24:03] Loading History Manager
[2026-08-02 21:24:03] Loading Database Module
[2026-08-02 21:24:03] Loading History Downloader
[2026-08-02 21:24:05] Loading Market Manager
[2026-08-02 21:24:06] Loading Analyzer
[2026-08-02 21:24:11] Loading Strategy
[2026-08-02 21:24:11] Loading Indicator Manager
[2026-08-02 21:24:11] Loading Signal Manager
[2026-08-02 21:24:11] Loading AI Module
[2026-08-02 21:24:11] AI Decision = BUY
[2026-08-02 21:24:12] Loading BackTest Module
[2026-08-02 21:24:14] ============================================================
[2026-08-02 21:24:14] System Ready
[2026-08-02 21:24:14] ============================================================
[2026-08-02 21:49:41] ============================================================
[2026-08-02 21:49:41] Smart_Bourse Started
[2026-08-02 21:49:41] Start Time : 2026-08-02 21:49:41.808661
[2026-08-02 21:49:41] ============================================================
[2026-08-02 21:49:41] Loading Downloader Module
[2026-08-02 21:49:41] Loading History Manager
[2026-08-02 21:49:42] Loading Database Module
[2026-08-02 21:49:42] Loading History Downloader
[2026-08-02 21:49:44] Loading Market Manager
[2026-08-02 21:49:44] Loading Analyzer
[2026-08-02 21:52:11] ============================================================
[2026-08-02 21:52:11] Smart_Bourse Started
[2026-08-02 21:52:11] Start Time : 2026-08-02 21:52:11.843766
[2026-08-02 21:52:11] ============================================================
[2026-08-02 21:52:11] Loading Downloader Module
[2026-08-02 21:52:11] Loading History Manager
[2026-08-02 21:52:12] Loading Database Module
[2026-08-02 21:52:12] Loading History Downloader
[2026-08-02 21:58:02] ============================================================
[2026-08-02 21:58:02] Smart_Bourse Started
[2026-08-02 21:58:02] Start Time : 2026-08-02 21:58:02.817127
[2026-08-02 21:58:02] ============================================================
[2026-08-02 21:58:02] Loading Downloader Module
[2026-08-02 21:58:03] Loading History Manager
[2026-08-02 21:58:03] Loading Database Module
[2026-08-02 21:58:04] Loading History Downloader
[2026-08-02 21:58:06] Loading Market Manager
[2026-08-02 21:58:06] Loading Analyzer
[2026-08-02 21:58:11] Loading Strategy
[2026-08-02 21:58:11] Loading Indicator Manager
[2026-08-02 21:58:12] Loading Signal Manager
[2026-08-02 21:58:12] Loading AI Module
[2026-08-02 21:58:12] AI Decision = BUY
[2026-08-02 21:58:12] Loading BackTest Module
[2026-08-02 21:58:15] Loading Analyzer
[2026-08-02 22:28:06] ============================================================
[2026-08-02 22:28:06] Smart_Bourse Started
[2026-08-02 22:28:07] Start Time : 2026-08-02 22:28:07.025294
[2026-08-02 22:28:07] ============================================================
[2026-08-02 22:28:07] Loading Downloader
[2026-08-02 22:28:07] Loading History Manager
[2026-08-02 22:28:07] Loading Database
[2026-08-02 22:28:07] Loading History Downloader
[2026-08-02 22:28:09] Loading Market Manager
[2026-08-02 22:28:09] Analyzer : Foolad
[2026-08-02 22:28:18] Analyzer : فولاد
[2026-08-02 23:24:56] ============================================================
[2026-08-02 23:24:56] Smart_Bourse Started
[2026-08-02 23:24:56] Start Time : 2026-08-02 23:24:56.380923
[2026-08-02 23:24:56] ============================================================
[2026-08-02 23:24:56] Loading Downloader
[2026-08-02 23:24:56] Loading History Manager
[2026-08-02 23:24:56] Loading Database
[2026-08-02 23:24:57] Loading History Downloader
[2026-08-02 23:24:59] Loading Market Manager
[2026-08-02 23:24:59] Analyzer : Foolad
[2026-08-02 23:25:07] Analyzer : فولاد
[2026-08-03 10:00:08] ============================================================
[2026-08-03 10:00:08] Smart_Bourse Started
[2026-08-03 10:00:08] Start Time : 2026-08-03 10:00:08.821826
[2026-08-03 10:00:08] ============================================================
[2026-08-03 10:00:08] Loading Downloader
[2026-08-03 10:00:09] Loading History Manager
[2026-08-03 10:00:09] Loading Database
[2026-08-03 10:00:10] Loading History Downloader
[2026-08-03 10:00:12] Loading Market Manager
[2026-08-03 10:04:50] ============================================================
[2026-08-03 10:04:50] Smart_Bourse Started
[2026-08-03 10:04:50] Start Time : 2026-08-03 10:04:50.092458
[2026-08-03 10:04:50] ============================================================
[2026-08-03 10:04:50] Loading Downloader
[2026-08-03 10:04:50] Loading History Manager
[2026-08-03 10:04:50] Loading Database
[2026-08-03 10:04:50] Loading History Downloader
[2026-08-03 10:04:52] Loading Market Manager
[2026-08-03 10:04:53] Analyzer : Foolad
[2026-08-03 10:05:02] Analyzer : فولاد
[2026-08-05 09:21:09] ============================================================
[2026-08-05 09:21:09] Smart_Bourse Started
[2026-08-05 09:21:09] Start Time : 2026-08-05 09:21:09.695778
[2026-08-05 09:21:09] ============================================================
[2026-08-05 09:21:09] Loading Downloader
[2026-08-05 09:21:10] Loading History Manager
[2026-08-05 09:21:10] Loading Database
[2026-08-05 09:21:12] Loading History Downloader
[2026-08-05 09:21:15] Loading Market Manager
[2026-08-05 09:21:16] Analyzer : Foolad
[2026-08-05 09:21:28] Analyzer : فولاد
[2026-08-05 09:40:22] ============================================================
[2026-08-05 09:40:22] Smart_Bourse Started
[2026-08-05 09:40:22] Start Time : 2026-08-05 09:40:22.538565
[2026-08-05 09:40:22] ============================================================
[2026-08-05 09:40:22] Loading Downloader
[2026-08-05 09:40:22] Loading History Manager
[2026-08-05 09:40:22] Loading Database
[2026-08-05 09:40:23] Loading History Downloader
[2026-08-05 09:40:27] Loading Market Manager
[2026-08-05 09:40:28] Analyzer : Foolad
[2026-08-05 09:40:37] Analyzer : فولاد
[2026-08-05 09:51:27] ============================================================
[2026-08-05 09:51:27] Smart_Bourse Started
[2026-08-05 09:51:27] Start Time : 2026-08-05 09:51:27.237939
[2026-08-05 09:51:27] ============================================================
[2026-08-05 09:51:27] Loading Downloader
[2026-08-05 09:51:27] Loading History Manager
[2026-08-05 09:51:27] Loading Database
[2026-08-05 09:51:28] Loading History Downloader
[2026-08-05 09:51:29] Loading Market Manager
[2026-08-05 09:51:36] Analyzer : Foolad
[2026-08-05 10:12:22] ============================================================
[2026-08-05 10:12:22] Smart_Bourse Started
[2026-08-05 10:12:22] Start Time : 2026-08-05 10:12:22.409705
[2026-08-05 10:12:22] ============================================================
[2026-08-05 10:12:22] Loading Downloader
[2026-08-05 10:12:22] Loading History Manager
[2026-08-05 10:12:22] Loading Database
[2026-08-05 10:12:23] Loading History Downloader
[2026-08-05 10:12:24] Loading Market Manager
[2026-08-05 10:12:37] Analyzer : Foolad
[2026-08-05 10:20:55] ============================================================
[2026-08-05 10:20:55] Smart_Bourse Started
[2026-08-05 10:20:55] Start Time : 2026-08-05 10:20:55.970400
[2026-08-05 10:20:55] ============================================================
[2026-08-05 10:20:56] Loading Downloader
[2026-08-05 10:20:56] Loading History Manager
[2026-08-05 10:20:56] Loading Database
[2026-08-05 10:20:56] Loading History Downloader
[2026-08-05 10:20:59] Loading Market Manager
[2026-08-05 10:21:13] Analyzer : Foolad
[2026-08-05 10:21:59] ============================================================
[2026-08-05 10:21:59] Smart_Bourse Started
[2026-08-05 10:21:59] Start Time : 2026-08-05 10:21:59.810075
[2026-08-05 10:21:59] ============================================================
[2026-08-05 10:21:59] Loading Downloader
[2026-08-05 10:21:59] Loading History Manager
[2026-08-05 10:22:00] Loading Database
[2026-08-05 10:22:00] Loading History Downloader
[2026-08-05 10:22:02] Loading Market Manager
[2026-08-05 10:22:15] Analyzer : Foolad
[2026-08-05 10:25:51] ============================================================
[2026-08-05 10:25:51] Smart_Bourse Started
[2026-08-05 10:25:51] Start Time : 2026-08-05 10:25:51.792651
[2026-08-05 10:25:51] ============================================================
[2026-08-05 10:25:51] Loading Downloader
[2026-08-05 10:25:51] Loading History Manager
[2026-08-05 10:25:52] Loading Database
[2026-08-05 10:25:52] Loading History Downloader
[2026-08-05 10:25:54] Loading Market Manager
[2026-08-05 10:26:28] Analyzer : Foolad
[2026-08-05 10:27:12] ============================================================
[2026-08-05 10:27:12] Smart_Bourse Started
[2026-08-05 10:27:12] Start Time : 2026-08-05 10:27:12.903907
[2026-08-05 10:27:12] ============================================================
[2026-08-05 10:27:12] Loading Downloader
[2026-08-05 10:27:12] Loading History Manager
[2026-08-05 10:27:13] Loading Database
[2026-08-05 10:27:13] Loading History Downloader
[2026-08-05 10:27:15] Loading Market Manager
[2026-08-05 10:27:29] Analyzer : Foolad
[2026-08-05 10:39:31] ============================================================
[2026-08-05 10:39:31] Smart_Bourse Started
[2026-08-05 10:39:31] Start Time : 2026-08-05 10:39:31.814764
[2026-08-05 10:39:31] ============================================================
[2026-08-05 10:39:31] Loading Downloader
[2026-08-05 10:39:31] Loading History Manager
[2026-08-05 10:39:32] Loading Database
[2026-08-05 10:39:33] Loading History Downloader
[2026-08-05 10:39:37] Loading Market Manager
[2026-08-05 10:39:51] Analyzer : Foolad
[2026-08-05 10:40:08] ============================================================
[2026-08-05 10:40:08] System Ready
[2026-08-05 10:40:08] ============================================================
[2026-08-05 10:46:53] ============================================================
[2026-08-05 10:46:53] Smart_Bourse Started
[2026-08-05 10:46:53] Start Time : 2026-08-05 10:46:53.390099
[2026-08-05 10:46:53] ============================================================
[2026-08-05 10:46:53] Loading Downloader
[2026-08-05 10:46:53] Loading History Manager
[2026-08-05 10:46:53] Loading Database
[2026-08-05 10:46:54] Loading History Downloader
[2026-08-05 10:46:56] Loading Market Manager
[2026-08-05 10:47:03] Analyzer : Foolad
[2026-08-05 10:47:14] ============================================================
[2026-08-05 10:47:14] System Ready
[2026-08-05 10:47:14] ============================================================
[2026-08-05 11:11:59] ============================================================
[2026-08-05 11:11:59] Smart_Bourse Started
[2026-08-05 11:11:59] Start Time : 2026-08-05 11:11:59.120934
[2026-08-05 11:11:59] ============================================================
[2026-08-05 11:11:59] Loading Downloader
[2026-08-05 11:11:59] Loading History Manager
[2026-08-05 11:11:59] Loading Database
[2026-08-05 11:12:00] Loading History Downloader
[2026-08-05 11:12:01] Loading Market Manager
[2026-08-05 11:12:02] Analyzer : Foolad
[2026-08-05 11:12:13] ============================================================
[2026-08-05 11:12:13] System Ready
[2026-08-05 11:12:13] ============================================================
[2026-08-05 23:59:25] ============================================================
[2026-08-05 23:59:25] Smart_Bourse Started
[2026-08-05 23:59:25] Start Time : 2026-08-05 23:59:25.632471
[2026-08-05 23:59:25] ============================================================
[2026-08-05 23:59:25] Loading Downloader
[2026-08-05 23:59:25] Loading History Manager
[2026-08-05 23:59:26] Loading Database
[2026-08-05 23:59:27] Loading History Downloader
[2026-08-05 23:59:29] Loading Market Manager
[2026-08-05 23:59:29] Analyzer : Foolad
[2026-08-05 23:59:40] ============================================================
[2026-08-05 23:59:40] System Ready
[2026-08-05 23:59:40] ============================================================
[2026-08-06 00:22:47] ============================================================
[2026-08-06 00:22:47] Smart_Bourse Started
[2026-08-06 00:22:47] Start Time : 2026-08-06 00:22:47.820334
[2026-08-06 00:22:47] ============================================================
[2026-08-06 00:22:47] Loading Downloader
[2026-08-06 00:22:48] Loading History Manager
[2026-08-06 00:22:48] Loading Database
[2026-08-06 00:22:48] Loading History Downloader
[2026-08-06 00:22:55] Loading Market Manager
[2026-08-06 00:22:55] Analyzer : Foolad
[2026-08-06 00:23:06] Analyzer : Femeli
[2026-08-06 00:23:16] Analyzer : Khodro
[2026-08-06 00:23:27] ============================================================
[2026-08-06 00:23:27] System Ready
[2026-08-06 00:23:27] ============================================================
[2026-08-06 00:25:58] ============================================================
[2026-08-06 00:25:58] Smart_Bourse Started
[2026-08-06 00:25:58] Start Time : 2026-08-06 00:25:58.503710
[2026-08-06 00:25:58] ============================================================
[2026-08-06 00:25:58] Loading Downloader
[2026-08-06 00:25:58] Loading History Manager
[2026-08-06 00:25:58] Loading Database
[2026-08-06 00:25:59] Loading History Downloader
[2026-08-06 00:26:05] Loading Market Manager
[2026-08-06 00:26:05] Analyzer : Foolad
[2026-08-06 00:26:14] Analyzer : Femeli
[2026-08-06 00:26:24] Analyzer : Khodro
[2026-08-06 00:26:34] ============================================================
[2026-08-06 00:26:34] System Ready
[2026-08-06 00:26:34] ============================================================
[2026-08-06 14:22:49] ============================================================
[2026-08-06 14:22:49] Smart_Bourse Started
[2026-08-06 14:22:49] Start Time : 2026-08-06 14:22:49.205770
[2026-08-06 14:22:49] ============================================================
[2026-08-06 14:22:49] Loading Downloader
[2026-08-06 14:22:49] Loading History Manager
[2026-08-06 14:22:50] Loading Database
[2026-08-06 14:22:51] Loading History Downloader
[2026-08-06 14:22:58] Loading Market Manager
[2026-08-06 14:22:59] Analyzer : Foolad
[2026-08-06 14:23:08] Analyzer : Femeli
[2026-08-06 14:23:17] Analyzer : Khodro
[2026-08-06 14:23:27] ============================================================
[2026-08-06 14:23:27] System Ready
[2026-08-06 14:23:27] ============================================================
[2026-08-06 19:13:02] ============================================================
[2026-08-06 19:13:02] Smart_Bourse Started
[2026-08-06 19:13:02] Start Time : 2026-08-06 19:13:02.458037
[2026-08-06 19:13:02] ============================================================
[2026-08-06 19:13:02] Loading Downloader
[2026-08-06 19:13:02] Loading History Manager
[2026-08-06 19:13:02] Loading Database
[2026-08-06 19:13:03] Loading History Downloader
[2026-08-06 19:13:10] Loading Market Manager
[2026-08-07 02:56:24] ============================================================
[2026-08-07 02:56:24] Smart_Bourse Started
[2026-08-07 02:56:24] Start Time : 2026-08-07 02:56:24.067240
[2026-08-07 02:56:24] ============================================================
[2026-08-07 02:56:24] Loading Downloader
[2026-08-07 02:56:24] Loading History Manager
[2026-08-07 02:56:24] Loading Database
[2026-08-07 02:56:25] Loading History Downloader
[2026-08-07 02:56:32] Loading Market Manager
[2026-08-07 03:00:40] ============================================================
[2026-08-07 03:00:40] Smart_Bourse Started
[2026-08-07 03:00:40] Start Time : 2026-08-07 03:00:40.440526
[2026-08-07 03:00:40] ============================================================
[2026-08-07 03:00:40] Loading Downloader
[2026-08-07 03:00:40] Loading History Manager
[2026-08-07 03:00:40] Loading Database
[2026-08-07 03:00:41] Loading History Downloader
[2026-08-07 03:00:50] Loading Market Manager
[2026-08-07 03:00:59] Analyzer : Foolad
[2026-08-07 03:01:08] Analyzer : Femeli
[2026-08-07 03:01:16] Analyzer : Khodro
[2026-08-07 03:01:25] ============================================================
[2026-08-07 03:01:25] System Ready
[2026-08-07 03:01:25] ============================================================
[2026-08-08 00:31:48] ============================================================
[2026-08-08 00:31:48] Smart_Bourse Started
[2026-08-08 00:31:48] Start Time : 2026-08-08 00:31:48.883052
[2026-08-08 00:31:48] ============================================================
[2026-08-08 00:31:48] Loading Downloader
[2026-08-08 00:31:49] Loading History Manager
[2026-08-08 00:31:49] Loading Database
[2026-08-08 00:31:50] Loading History Downloader
[2026-08-08 00:31:59] Loading Market Manager
[2026-08-08 00:32:39] Analyzer : Foolad
[2026-08-08 00:32:50] Analyzer : Femeli
[2026-08-08 00:32:59] Analyzer : Khodro
[2026-08-08 00:33:09] ============================================================
[2026-08-08 00:33:09] System Ready
[2026-08-08 00:33:09] ============================================================
[2026-08-09 01:38:11] ============================================================
[2026-08-09 01:38:11] Smart_Bourse Started
[2026-08-09 01:38:11] Start Time : 2026-08-09 01:38:11.773854
[2026-08-09 01:38:11] ============================================================
[2026-08-09 01:38:11] Loading Downloader
[2026-08-09 01:38:11] Loading History Manager
[2026-08-09 01:38:12] Loading Database
[2026-08-09 01:38:13] Loading History Downloader
[2026-08-09 01:38:18] Loading Market Manager
[2026-08-09 01:38:27] Analyzer : Foolad
[2026-08-09 01:38:37] Analyzer : Femeli
[2026-08-09 01:38:48] Analyzer : Khodro
[2026-08-09 01:38:58] ============================================================
[2026-08-09 01:38:58] System Ready
[2026-08-09 01:38:58] ============================================================
[2026-08-09 01:43:56] ============================================================
[2026-08-09 01:43:56] Smart_Bourse Started
[2026-08-09 01:43:56] Start Time : 2026-08-09 01:43:56.787962
[2026-08-09 01:43:56] ============================================================
[2026-08-09 01:43:56] Loading Downloader
[2026-08-09 01:43:56] Loading History Manager
[2026-08-09 01:43:57] Loading Database
[2026-08-09 01:43:57] Loading History Downloader
[2026-08-09 01:44:04] Loading Market Manager
[2026-08-09 01:44:34] Analyzer : Foolad
[2026-08-09 01:44:43] Analyzer : Femeli
[2026-08-09 01:44:51] Analyzer : Khodro
[2026-08-09 01:45:00] ============================================================
[2026-08-09 01:45:00] System Ready
[2026-08-09 01:45:00] ============================================================
[2026-08-09 01:51:31] ============================================================
[2026-08-09 01:51:31] Smart_Bourse Started
[2026-08-09 01:51:31] Start Time : 2026-08-09 01:51:31.199299
[2026-08-09 01:51:31] ============================================================
[2026-08-09 01:51:31] Loading Downloader
[2026-08-09 01:51:31] Loading History Manager
[2026-08-09 01:51:31] Loading Database
[2026-08-09 01:51:32] Loading History Downloader
[2026-08-09 01:51:37] Loading Market Manager
[2026-08-09 01:55:06] ============================================================
[2026-08-09 01:55:06] Smart_Bourse Started
[2026-08-09 01:55:06] Start Time : 2026-08-09 01:55:06.882852
[2026-08-09 01:55:06] ============================================================
[2026-08-09 01:55:06] Loading Downloader
[2026-08-09 01:55:06] Loading History Manager
[2026-08-09 01:55:07] Loading Database
[2026-08-09 01:55:07] Loading History Downloader
[2026-08-09 01:55:13] Loading Market Manager
[2026-08-10 00:45:22] ============================================================
[2026-08-10 00:45:22] Smart_Bourse Started
[2026-08-10 00:45:22] Start Time : 2026-08-10 00:45:22.565914
[2026-08-10 00:45:22] ============================================================
[2026-08-10 00:45:22] Loading Downloader
[2026-08-10 00:45:22] Loading History Manager
[2026-08-10 00:45:23] Loading Database
[2026-08-10 00:45:23] Loading History Downloader
[2026-08-10 00:45:29] Loading Market Manager
[2026-08-10 00:51:33] ============================================================
[2026-08-10 00:51:33] Smart_Bourse Started
[2026-08-10 00:51:33] Start Time : 2026-08-10 00:51:33.347830
[2026-08-10 00:51:33] ============================================================
[2026-08-10 00:51:33] Loading Downloader
[2026-08-10 00:51:33] Loading History Manager
[2026-08-10 00:51:33] Loading Database
[2026-08-10 00:51:36] Loading History Downloader
[2026-08-10 00:51:42] Loading Market Manager
[2026-08-10 01:01:33] Analyzer : Foolad
[2026-08-10 01:01:42] Analyzer : Femeli
[2026-08-10 01:01:50] Analyzer : Khodro
[2026-08-10 01:01:59] ============================================================
[2026-08-10 01:01:59] System Ready
[2026-08-10 01:01:59] ============================================================
[2026-08-10 19:29:52] ============================================================
[2026-08-10 19:29:52] Smart_Bourse Started
[2026-08-10 19:29:52] Start Time : 2026-08-10 19:29:52.305707
[2026-08-10 19:29:52] ============================================================
[2026-08-10 19:29:52] Loading Downloader
[2026-08-10 19:29:52] Loading History Manager
[2026-08-10 19:29:52] Loading Database
[2026-08-10 19:29:53] Loading History Downloader
[2026-08-10 19:29:59] Loading Market Manager
[2026-08-10 19:39:50] Analyzer : Foolad
[2026-08-10 19:40:00] Analyzer : Femeli
[2026-08-10 19:40:09] Analyzer : Khodro
[2026-08-10 19:40:18] ============================================================
[2026-08-10 19:40:18] System Ready
[2026-08-10 19:40:18] ============================================================
[2026-08-10 20:05:47] ============================================================
[2026-08-10 20:05:47] Smart_Bourse Started
[2026-08-10 20:05:47] Start Time : 2026-08-10 20:05:47.638817
[2026-08-10 20:05:47] ============================================================
[2026-08-10 20:05:47] Loading Downloader
[2026-08-10 20:05:47] Loading History Manager
[2026-08-10 20:05:47] Loading Database
[2026-08-10 20:05:48] Loading History Downloader
[2026-08-10 20:05:54] Loading Market Manager
[2026-08-10 20:50:23] ============================================================
[2026-08-10 20:50:23] Smart_Bourse Started
[2026-08-10 20:50:23] Start Time : 2026-08-10 20:50:23.652813
[2026-08-10 20:50:23] ============================================================
[2026-08-10 20:50:23] Loading Downloader
[2026-08-10 20:50:24] Loading History Manager
[2026-08-10 20:50:24] Loading Database
[2026-08-10 20:50:25] Loading History Downloader
[2026-08-10 20:50:31] Loading Market Manager
[2026-08-10 21:00:13] Analyzer : Foolad
[2026-08-10 21:00:22] Analyzer : Femeli
[2026-08-10 21:00:32] Analyzer : Khodro
[2026-08-10 21:00:43] ============================================================
[2026-08-10 21:00:43] System Ready
[2026-08-10 21:00:43] ============================================================
[2026-08-10 21:43:14] ============================================================
[2026-08-10 21:43:14] Smart_Bourse Started
[2026-08-10 21:43:14] Start Time : 2026-08-10 21:43:14.470029
[2026-08-10 21:43:14] ============================================================
[2026-08-10 21:43:14] Loading Downloader
[2026-08-10 21:43:14] Loading History Manager
[2026-08-10 21:43:14] Loading Database
[2026-08-10 21:43:15] Loading History Downloader
[2026-08-10 21:43:21] Loading Market Manager
[2026-08-10 21:54:42] Analyzer : Foolad
[2026-08-10 21:54:50] Analyzer : Femeli
[2026-08-10 21:54:58] Analyzer : Khodro
[2026-08-10 21:55:07] ============================================================
[2026-08-10 21:55:07] System Ready
[2026-08-10 21:55:07] ============================================================
[2026-08-10 23:31:43] ============================================================
[2026-08-10 23:31:44] Smart_Bourse Started
[2026-08-10 23:31:44] Start Time : 2026-08-10 23:31:44.063921
[2026-08-10 23:31:44] ============================================================
[2026-08-10 23:31:44] Loading Downloader
[2026-08-10 23:31:44] Loading History Manager
[2026-08-10 23:31:44] Loading Database
[2026-08-10 23:31:45] Loading History Downloader
[2026-08-10 23:31:46] Loading Market Manager
[2026-08-10 23:41:52] Analyzer : Foolad
[2026-08-10 23:42:02] Analyzer : Femeli
[2026-08-10 23:42:12] Analyzer : Khodro
[2026-08-10 23:42:22] ============================================================
[2026-08-10 23:42:22] System Ready
[2026-08-10 23:42:22] ============================================================
[2026-08-11 01:47:50] ============================================================
[2026-08-11 01:47:50] Smart_Bourse Started
[2026-08-11 01:47:50] Start Time : 2026-08-11 01:47:50.047788
[2026-08-11 01:47:50] ============================================================
[2026-08-11 01:47:50] Loading Downloader
[2026-08-11 01:47:50] Loading History Manager
[2026-08-11 01:47:50] Loading Database
[2026-08-11 01:47:51] Loading History Downloader
[2026-08-11 01:47:53] Loading Market Manager
[2026-08-11 01:57:50] Analyzer : Foolad
[2026-08-11 01:57:58] Analyzer : Femeli
[2026-08-11 01:58:07] Analyzer : Khodro
[2026-08-11 01:58:15] ============================================================
[2026-08-11 01:58:15] System Ready
[2026-08-11 01:58:15] ============================================================
[2026-08-11 02:12:26] ============================================================
[2026-08-11 02:12:26] Smart_Bourse Started
[2026-08-11 02:12:26] Start Time : 2026-08-11 02:12:26.026344
[2026-08-11 02:12:26] ============================================================
[2026-08-11 02:12:26] Loading Downloader
[2026-08-11 02:12:26] Loading History Manager
[2026-08-11 02:12:26] Loading Database
[2026-08-11 02:12:27] Loading History Downloader
[2026-08-11 02:12:28] Loading Market Manager
[2026-08-11 02:22:10] Analyzer : Foolad
[2026-08-11 02:22:18] Analyzer : Femeli
[2026-08-11 02:22:28] Analyzer : Khodro
[2026-08-11 02:22:37] ============================================================
[2026-08-11 02:22:37] System Ready
[2026-08-11 02:22:37] ============================================================
[2026-08-11 02:54:10] ============================================================
[2026-08-11 02:54:10] Smart_Bourse Started
[2026-08-11 02:54:10] Start Time : 2026-08-11 02:54:10.168584
[2026-08-11 02:54:10] ============================================================
[2026-08-11 02:54:10] Loading Downloader
[2026-08-11 02:54:10] Loading History Manager
[2026-08-11 02:54:10] Loading Database
[2026-08-11 02:54:11] Loading History Downloader
[2026-08-11 02:54:12] Loading Market Manager
[2026-08-11 03:04:06] Analyzer : Foolad
[2026-08-11 03:04:16] Analyzer : Femeli
[2026-08-11 03:04:27] Analyzer : Khodro
[2026-08-11 03:04:37] ============================================================
[2026-08-11 03:04:37] System Ready
[2026-08-11 03:04:37] ============================================================
[2026-08-11 20:22:07] ============================================================
[2026-08-11 20:22:07] Smart_Bourse Started
[2026-08-11 20:22:07] Start Time : 2026-08-11 20:22:07.219600
[2026-08-11 20:22:07] ============================================================
[2026-08-11 20:22:07] Loading Downloader
[2026-08-11 20:22:07] Loading History Manager
[2026-08-11 20:22:07] Loading Database
[2026-08-11 20:22:08] Loading History Downloader
[2026-08-11 20:22:09] Loading Market Manager
[2026-08-11 20:32:27] Analyzer : Foolad
[2026-08-11 20:32:36] Analyzer : Femeli
[2026-08-11 20:32:44] Analyzer : Khodro
[2026-08-11 20:32:53] ============================================================
[2026-08-11 20:32:53] System Ready
[2026-08-11 20:32:53] ============================================================
[2026-08-12 01:14:39] ============================================================
[2026-08-12 01:14:39] Smart_Bourse Started
[2026-08-12 01:14:39] Start Time : 2026-08-12 01:14:39.354624
[2026-08-12 01:14:39] ============================================================
[2026-08-12 01:14:39] Loading Downloader
[2026-08-12 01:14:39] Loading History Manager
[2026-08-12 01:14:39] Loading Database
[2026-08-12 01:14:40] Loading History Downloader
[2026-08-12 01:14:41] Loading Market Manager
[2026-08-12 01:25:18] Analyzer : Foolad
[2026-08-12 01:25:28] Analyzer : Femeli
[2026-08-12 01:25:37] Analyzer : Khodro
[2026-08-12 01:25:47] ============================================================
[2026-08-12 01:25:47] System Ready
[2026-08-12 01:25:47] ============================================================
[2026-08-12 02:01:38] ============================================================
[2026-08-12 02:01:38] Smart_Bourse Started
[2026-08-12 02:01:38] Start Time : 2026-08-12 02:01:38.810063
[2026-08-12 02:01:38] ============================================================
[2026-08-12 02:01:38] Loading Downloader
[2026-08-12 02:01:38] Loading History Manager
[2026-08-12 02:01:39] Loading Database
[2026-08-12 02:01:39] Loading History Downloader
[2026-08-12 02:01:40] Loading Market Manager
[2026-08-12 02:06:32] Analyzer : Foolad
[2026-08-12 02:06:42] Analyzer : Femeli
[2026-08-12 02:06:52] Analyzer : Khodro
[2026-08-12 02:07:02] ============================================================
[2026-08-12 02:07:02] System Ready
[2026-08-12 02:07:02] ============================================================
[2026-08-12 02:33:37] ============================================================
[2026-08-12 02:33:37] Smart_Bourse Started
[2026-08-12 02:33:37] Start Time : 2026-08-12 02:33:37.086776
[2026-08-12 02:33:37] ============================================================
[2026-08-12 02:33:37] Loading Downloader
[2026-08-12 02:33:37] Loading History Manager
[2026-08-12 02:33:37] Loading Database
[2026-08-12 02:33:38] Loading History Downloader
[2026-08-12 02:33:40] Loading Market Manager
[2026-08-12 02:37:29] Analyzer : Foolad
[2026-08-12 02:37:39] Analyzer : Femeli
[2026-08-12 02:37:49] Analyzer : Khodro
[2026-08-12 02:37:59] ============================================================
[2026-08-12 02:37:59] System Ready
[2026-08-12 02:37:59] ============================================================
[2026-08-12 10:25:02] ============================================================
[2026-08-12 10:25:03] Smart_Bourse Started
[2026-08-12 10:25:04] Start Time : 2026-08-12 10:25:04.333311
[2026-08-12 10:25:05] ============================================================
[2026-08-12 10:25:05] Loading Downloader
[2026-08-12 10:25:06] Loading History Manager
[2026-08-12 10:25:07] Loading Database
[2026-08-12 10:25:09] Loading History Downloader
[2026-08-12 10:25:13] Loading Market Manager
[2026-08-12 10:31:29] Analyzer : Foolad
[2026-08-12 10:31:40] Analyzer : Femeli
[2026-08-12 10:31:49] Analyzer : Khodro
[2026-08-12 10:31:59] ============================================================
[2026-08-12 10:31:59] System Ready
[2026-08-12 10:31:59] ============================================================
[2026-08-12 10:46:37] ============================================================
[2026-08-12 10:46:37] Smart_Bourse Started
[2026-08-12 10:46:37] Start Time : 2026-08-12 10:46:37.580219
[2026-08-12 10:46:37] ============================================================
[2026-08-12 10:46:37] Loading Downloader
[2026-08-12 10:46:37] Loading History Manager
[2026-08-12 10:46:37] Loading Database
[2026-08-12 10:46:38] Loading History Downloader
[2026-08-12 10:46:41] Loading Market Manager
[2026-08-12 10:51:22] Analyzer : Foolad
[2026-08-12 10:51:31] Analyzer : Femeli
[2026-08-12 10:51:41] Analyzer : Khodro
[2026-08-12 10:51:50] ============================================================
[2026-08-12 10:51:50] System Ready
[2026-08-12 10:51:50] ============================================================
[2026-08-12 11:02:50] ============================================================
[2026-08-12 11:02:50] Smart_Bourse Started
[2026-08-12 11:02:50] Start Time : 2026-08-12 11:02:50.686811
[2026-08-12 11:02:50] ============================================================
[2026-08-12 11:02:50] Loading Downloader
[2026-08-12 11:02:50] Loading History Manager
[2026-08-12 11:02:51] Loading Database
[2026-08-12 11:02:51] Loading History Downloader
[2026-08-12 11:02:54] Loading Market Manager
[2026-08-12 11:07:48] Analyzer : Foolad
[2026-08-12 11:07:56] Analyzer : Femeli
[2026-08-12 11:08:04] Analyzer : Khodro
[2026-08-12 11:08:12] ============================================================
[2026-08-12 11:08:12] System Ready
[2026-08-12 11:08:12] ============================================================
[2026-08-12 14:08:08] ============================================================
[2026-08-12 14:08:08] Smart_Bourse Started
[2026-08-12 14:08:08] Start Time : 2026-08-12 14:08:08.179613
[2026-08-12 14:08:08] ============================================================
[2026-08-12 14:08:08] Loading Downloader
[2026-08-12 14:08:10] Loading History Manager
[2026-08-12 14:08:10] Loading Database
[2026-08-12 14:08:11] Loading History Downloader
[2026-08-12 14:08:14] Loading Market Manager
[2026-08-12 14:09:40] Analyzer : Femeli
[2026-08-12 14:09:50] Analyzer : Khodro
[2026-08-12 14:10:00] ============================================================
[2026-08-12 14:10:00] System Ready
[2026-08-12 14:10:00] ============================================================
[2026-08-12 14:30:27] ============================================================
[2026-08-12 14:30:28] Smart_Bourse Started
[2026-08-12 14:30:28] Start Time : 2026-08-12 14:30:28.037980
[2026-08-12 14:30:28] ============================================================
[2026-08-12 14:30:28] Loading Downloader
[2026-08-12 14:30:35] ============================================================
[2026-08-12 14:30:35] Smart_Bourse Started
[2026-08-12 14:30:35] Start Time : 2026-08-12 14:30:35.099827
[2026-08-12 14:30:35] ============================================================
[2026-08-12 14:30:35] Loading Downloader
[2026-08-12 14:30:36] Loading History Manager
[2026-08-12 14:30:36] Loading Database
[2026-08-12 14:30:37] Loading History Downloader
[2026-08-12 14:30:39] Loading Market Manager
[2026-08-12 14:35:46] Analyzer : Femeli
[2026-08-12 14:35:56] Analyzer : Khodro
[2026-08-12 14:36:04] ============================================================
[2026-08-12 14:36:04] System Ready
[2026-08-12 14:36:04] ============================================================
[2026-08-12 20:51:44] ============================================================
[2026-08-12 20:51:44] Smart_Bourse Started
[2026-08-12 20:51:44] Start Time : 2026-08-12 20:51:44.770296
[2026-08-12 20:51:44] ============================================================
[2026-08-12 20:51:44] Loading Downloader
[2026-08-12 20:51:47] Loading History Manager
[2026-08-12 20:51:48] Loading Database
[2026-08-12 20:51:49] Loading History Downloader
[2026-08-12 20:51:53] Loading Market Manager
[2026-08-12 20:56:54] Analyzer : Femeli
[2026-08-12 20:57:02] Analyzer : Khodro
[2026-08-12 20:57:10] ============================================================
[2026-08-12 20:57:10] System Ready
[2026-08-12 20:57:10] ============================================================
[2026-08-12 21:11:51] ============================================================
[2026-08-12 21:11:51] Smart_Bourse Started
[2026-08-12 21:11:51] Start Time : 2026-08-12 21:11:51.759421
[2026-08-12 21:11:51] ============================================================
[2026-08-12 21:11:51] Loading Downloader
[2026-08-12 21:11:53] Loading History Manager
[2026-08-12 21:11:53] Loading Database
[2026-08-12 21:11:53] Loading History Downloader
[2026-08-12 21:11:57] Loading Market Manager
[2026-08-12 21:16:51] Analyzer : Femeli
[2026-08-12 21:17:01] Analyzer : Khodro
[2026-08-12 21:17:11] ============================================================
[2026-08-12 21:17:11] System Ready
[2026-08-12 21:17:11] ============================================================
[2026-08-12 21:53:35] ============================================================
[2026-08-12 21:53:35] Smart_Bourse Started
[2026-08-12 21:53:35] Start Time : 2026-08-12 21:53:35.118753
[2026-08-12 21:53:35] ============================================================
[2026-08-12 21:53:35] Loading Downloader
[2026-08-12 21:53:36] Loading History Manager
[2026-08-12 21:53:36] Loading Database
[2026-08-12 21:53:37] Loading History Downloader
[2026-08-12 21:53:39] Loading Market Manager
[2026-08-12 21:58:27] Analyzer : Femeli
[2026-08-12 21:58:35] Analyzer : Khodro
[2026-08-12 21:58:43] ============================================================
[2026-08-12 21:58:43] System Ready
[2026-08-12 21:58:43] ============================================================
[2026-08-12 22:27:58] ============================================================
[2026-08-12 22:27:58] Smart_Bourse Started
[2026-08-12 22:27:58] Start Time : 2026-08-12 22:27:58.822171
[2026-08-12 22:27:58] ============================================================
[2026-08-12 22:27:58] Loading Downloader
[2026-08-12 22:28:00] Loading History Manager
[2026-08-12 22:28:00] Loading Database
[2026-08-12 22:28:01] Loading History Downloader
[2026-08-12 22:28:04] Loading Market Manager
[2026-08-12 22:33:31] Analyzer : Femeli
[2026-08-12 22:33:41] Analyzer : Khodro
[2026-08-12 22:33:51] ============================================================
[2026-08-12 22:33:51] System Ready
[2026-08-12 22:33:51] ============================================================
[2026-08-12 23:08:35] ============================================================
[2026-08-12 23:08:35] Smart_Bourse Started
[2026-08-12 23:08:35] Start Time : 2026-08-12 23:08:35.766073
[2026-08-12 23:08:35] ============================================================
[2026-08-12 23:08:35] Loading Symbol Downloader
[2026-08-12 23:14:14] Loading Downloader
[2026-08-12 23:14:15] Loading History Manager
[2026-08-12 23:14:16] Loading Database
[2026-08-12 23:14:16] Loading History Downloader
[2026-08-12 23:14:18] Loading Market Manager
[2026-08-12 23:14:21] Analyzer : Femeli
[2026-08-12 23:14:31] Analyzer : Khodro
[2026-08-12 23:14:41] ============================================================
[2026-08-12 23:14:41] System Ready
[2026-08-12 23:14:41] ============================================================
[2026-08-13 10:43:21] ============================================================
[2026-08-13 10:43:22] Smart_Bourse Started
[2026-08-13 10:43:22] Start Time : 2026-08-13 10:43:22.694566
[2026-08-13 10:43:22] ============================================================
[2026-08-13 10:43:23] Loading Symbol Downloader
[2026-08-13 10:49:32] Loading Downloader
[2026-08-13 10:49:33] Loading History Manager
[2026-08-13 10:49:34] Loading Database
[2026-08-13 10:49:34] Loading History Downloader
[2026-08-13 10:49:38] Loading Market Manager
[2026-08-13 10:49:41] Analyzer : Foolad
[2026-08-13 10:49:51] Analyzer : Femeli
[2026-08-13 10:49:59] Analyzer : Khodro
[2026-08-13 10:50:08] ============================================================
[2026-08-13 10:50:08] System Ready
[2026-08-13 10:50:08] ============================================================
[2026-08-13 11:11:57] ============================================================
[2026-08-13 11:11:58] Smart_Bourse Started
[2026-08-13 11:11:58] Start Time : 2026-08-13 11:11:58.458592
[2026-08-13 11:11:58] ============================================================
[2026-08-13 11:11:58] Loading Symbol Downloader
[2026-08-13 11:17:55] Loading Downloader
[2026-08-13 11:17:57] Loading History Manager
[2026-08-13 11:17:57] Loading Database
[2026-08-13 11:17:58] Loading History Downloader
[2026-08-13 11:18:01] Loading Market Manager
[2026-08-13 11:18:03] Analyzer : Foolad
[2026-08-13 11:18:12] Analyzer : Femeli
[2026-08-13 11:18:20] Analyzer : Khodro
[2026-08-13 11:18:28] ============================================================
[2026-08-13 11:18:28] System Ready
[2026-08-13 11:18:28] ============================================================
[2026-08-13 13:10:15] ============================================================
[2026-08-13 13:10:16] Smart_Bourse Started
[2026-08-13 13:10:16] Start Time : 2026-08-13 13:10:16.324193
[2026-08-13 13:10:16] ============================================================
[2026-08-13 13:10:16] Loading Symbol Downloader
[2026-08-13 13:16:21] Loading Downloader
[2026-08-13 13:16:23] Loading History Manager
[2026-08-13 13:16:23] Loading Database
[2026-08-13 13:16:23] Loading History Downloader
[2026-08-13 13:16:27] Loading Market Manager
[2026-08-13 13:16:29] Analyzer : Foolad
[2026-08-13 13:16:40] Analyzer : Femeli
[2026-08-13 13:16:51] Analyzer : Khodro
[2026-08-13 13:17:02] ============================================================
[2026-08-13 13:17:02] System Ready
[2026-08-13 13:17:02] ============================================================
[2026-08-15 16:44:51] ============================================================
[2026-08-15 16:44:52] Smart_Bourse Started
[2026-08-15 16:44:52] Start Time : 2026-08-15 16:44:52.025946
[2026-08-15 16:44:52] ============================================================
[2026-08-15 16:44:52] Loading Symbol Downloader
[2026-08-15 16:50:39] Loading Downloader
[2026-08-15 16:50:40] Loading History Manager
[2026-08-15 16:50:40] Loading Database
[2026-08-15 16:50:41] Loading History Downloader
[2026-08-15 16:50:44] Loading Market Manager
[2026-08-15 16:50:47] Analyzer : Foolad
[2026-08-15 16:50:56] Analyzer : Femeli
[2026-08-15 16:51:06] Analyzer : Khodro
[2026-08-15 16:51:16] ============================================================
[2026-08-15 16:51:16] System Ready
[2026-08-15 16:51:16] ============================================================
[2026-08-15 17:46:44] ============================================================
[2026-08-15 17:46:44] Smart_Bourse Started
[2026-08-15 17:46:44] Start Time : 2026-08-15 17:46:44.732246
[2026-08-15 17:46:44] ============================================================
[2026-08-15 17:46:45] Loading Symbol Downloader
[2026-08-15 17:52:30] Loading Downloader
[2026-08-15 17:52:32] Loading History Manager
[2026-08-15 17:52:32] Loading Database
[2026-08-15 17:52:33] Loading History Downloader
[2026-08-15 17:52:36] Loading Market Manager
[2026-08-15 17:52:39] Analyzer : Foolad
[2026-08-15 17:53:23] Analyzer : Femeli
[2026-08-15 17:54:08] Analyzer : Khodro
[2026-08-15 17:54:55] ============================================================
[2026-08-15 17:54:55] System Ready
[2026-08-15 17:54:55] ============================================================
[2026-08-15 17:58:07] ============================================================
[2026-08-15 17:58:08] Smart_Bourse Started
[2026-08-15 17:58:08] Start Time : 2026-08-15 17:58:08.374158
[2026-08-15 17:58:08] ============================================================
[2026-08-15 17:58:08] Loading Symbol Downloader
[2026-08-15 21:26:28] ============================================================
[2026-08-15 21:26:29] Smart_Bourse Started
[2026-08-15 21:26:29] Start Time : 2026-08-15 21:26:29.387696
[2026-08-15 21:26:29] ============================================================
[2026-08-15 21:26:29] Loading Symbol Downloader
[2026-08-15 21:31:50] Loading Downloader
[2026-08-15 21:31:51] Loading History Manager
[2026-08-15 21:31:52] Loading Database
[2026-08-15 21:31:52] Loading History Downloader
[2026-08-15 21:31:55] Loading Market Manager
[2026-08-15 21:31:58] Analyzer : Foolad
[2026-08-15 21:32:42] Analyzer : Femeli
[2026-08-15 21:33:24] Analyzer : Khodro
[2026-08-15 21:34:05] ============================================================
[2026-08-15 21:34:05] System Ready
[2026-08-15 21:34:05] ============================================================
[2026-08-15 22:02:06] ============================================================
[2026-08-15 22:02:06] Smart_Bourse Started
[2026-08-15 22:02:07] Start Time : 2026-08-15 22:02:07.138807
[2026-08-15 22:02:07] ============================================================
[2026-08-15 22:02:07] Loading Symbol Downloader
[2026-08-15 22:07:48] Loading Downloader
[2026-08-15 22:07:50] Loading History Manager
[2026-08-15 22:07:50] Loading Database
[2026-08-15 22:07:51] Loading History Downloader
[2026-08-15 22:07:54] Loading Market Manager
[2026-08-15 22:07:58] Analyzer : Foolad
[2026-08-15 22:08:46] Analyzer : Femeli
[2026-08-15 22:09:30] Analyzer : Khodro
[2026-08-15 22:10:19] ============================================================
[2026-08-15 22:10:19] System Ready
[2026-08-15 22:10:19] ============================================================
[2026-08-25 09:45:39] ============================================================
[2026-08-25 09:45:39] Smart_Bourse Started
[2026-08-25 09:45:39] Start Time : 2026-08-25 09:45:39.852782
[2026-08-25 09:45:40] ============================================================
[2026-08-25 09:45:40] Loading Symbol Downloader
[2026-08-25 09:53:39] Loading Downloader
[2026-08-25 09:53:41] Loading History Manager
[2026-08-25 09:53:41] Loading Database
[2026-08-25 09:53:42] Loading History Downloader
[2026-08-25 09:53:45] Loading Market Manager
[2026-08-25 09:53:50] Analyzer : Foolad
[2026-08-25 09:54:01] Analyzer : Femeli
[2026-08-25 09:54:11] Analyzer : Khodro
[2026-08-25 09:54:20] ============================================================
[2026-08-25 09:54:20] System Ready
[2026-08-25 09:54:20] ============================================================
[2026-08-27 17:42:36] ============================================================
[2026-08-27 17:42:37] Smart_Bourse Started
[2026-08-27 17:42:37] Start Time : 2026-08-27 17:42:37.209020
[2026-08-27 17:42:37] ============================================================
[2026-08-27 17:42:37] Loading Symbol Downloader
[2026-08-30 18:11:46] ============================================================
[2026-08-30 18:11:46] Smart_Bourse Started
[2026-08-30 18:11:46] Start Time : 2026-08-30 18:11:46.962831
[2026-08-30 18:11:47] ============================================================
[2026-08-30 18:11:47] Loading Symbol Downloader
[2026-08-30 18:17:34] Loading Downloader
[2026-08-30 18:17:36] Loading History Manager
[2026-08-30 18:17:36] Loading Database
[2026-08-30 18:17:37] Loading History Downloader
[2026-08-30 18:17:40] Loading Market Manager
[2026-08-30 18:17:43] Analyzer : Foolad
[2026-08-30 18:17:52] Analyzer : Femeli
[2026-08-30 18:18:01] Analyzer : Khodro
[2026-08-30 18:18:11] ============================================================
[2026-08-30 18:18:11] System Ready
[2026-08-30 18:18:11] ============================================================
